timestamp,open,high,low,close,volume,isEmaUptrend,isEmaDowntrend,isSmaUptrend,isSmaDowntrend,prediction,signal,barsHeld,isEarlySignalFlip,isLastSignalBuy,isLastSignalSell,isNewBuySignal,isNewSellSignal,startLongTrade,startShortTrade,endLongTrade,endShortTrade
2025-04-07 04:21:00,551.52,552.9,551.43,552.9,430.531,True,True,True,True,0,0,1,False,False,False,False,False,,,,
2025-04-07 04:22:00,552.9,553.69,552.8,552.87,223.053,True,True,True,True,0,0,2,False,False,False,False,False,,,,
2025-04-07 04:23:00,552.86,552.86,552.0,552.03,220.585,True,True,True,True,0,0,3,False,False,False,False,False,,,,
2025-04-07 04:24:00,552.04,552.45,551.67,551.83,332.034,True,True,True,True,0,0,4,False,False,False,False,False,,,,
2025-04-07 04:25:00,551.82,552.04,551.17,551.71,189.738,True,True,True,True,0,0,5,False,False,False,False,False,,,,
2025-04-07 04:26:00,551.71,552.9,551.51,552.74,174.294,True,True,True,True,0,0,6,False,False,False,False,False,,,,
2025-04-07 04:27:00,552.74,553.02,552.11,552.21,152.848,True,True,True,True,0,0,7,False,False,False,False,False,,,,
2025-04-07 04:28:00,552.21,552.59,552.02,552.27,183.295,True,True,True,True,0,0,8,False,False,False,False,False,,,,
2025-04-07 04:29:00,552.27,552.9,552.26,552.6,101.571,True,True,True,True,0,0,9,False,False,False,False,False,,,,
2025-04-07 04:30:00,552.6,553.2,552.46,552.8,187.444,True,True,True,True,0,0,10,False,False,False,False,False,,,,
2025-04-07 04:31:00,552.81,553.0,551.46,551.46,172.216,True,True,True,True,0,0,11,False,False,False,False,False,,,,
2025-04-07 04:32:00,551.45,551.45,550.36,550.93,267.32,True,True,True,True,0,0,12,False,False,False,False,False,,,,
2025-04-07 04:33:00,550.93,551.34,550.72,551.1,240.734,True,True,True,True,0,0,13,False,False,False,False,False,,,,
2025-04-07 04:34:00,551.09,551.5,550.91,551.49,150.729,True,True,True,True,0,0,14,False,False,False,False,False,,,,
2025-04-07 04:35:00,551.5,552.1,550.8,550.8,181.075,True,True,True,True,0,0,15,False,False,False,False,False,,,,
2025-04-07 04:36:00,550.8,550.93,549.17,549.73,370.046,True,True,True,True,0,0,16,False,False,False,False,False,,,,
2025-04-07 04:37:00,549.74,550.29,549.67,550.11,616.087,True,True,True,True,0,0,17,False,False,False,False,False,,,,
2025-04-07 04:38:00,550.11,550.9,550.11,550.56,207.244,True,True,True,True,0,0,18,False,False,False,False,False,,,,
2025-04-07 04:39:00,550.57,550.79,550.22,550.22,184.204,True,True,True,True,0,0,19,False,False,False,False,False,,,,
2025-04-07 04:40:00,550.21,550.21,548.97,548.97,417.797,True,True,True,True,0,0,20,False,False,False,False,False,,,,
2025-04-07 04:41:00,548.96,549.16,548.02,548.85,340.396,True,True,True,True,0,0,21,False,False,False,False,False,,,,
2025-04-07 04:42:00,548.84,549.39,548.11,549.36,313.291,True,True,True,True,0,0,22,False,False,False,False,False,,,,
2025-04-07 04:43:00,549.35,549.4,548.1,548.1,336.551,True,True,True,True,0,0,23,False,False,False,False,False,,,,
2025-04-07 04:44:00,548.09,548.59,547.73,547.74,259.016,True,True,True,True,0,0,24,False,False,False,False,False,,,,
2025-04-07 04:45:00,547.74,549.08,547.05,547.45,339.574,True,True,True,True,0,0,25,False,False,False,False,False,,,,
2025-04-07 04:46:00,547.46,548.79,547.46,548.5,431.225,True,True,True,True,0,0,26,False,False,False,False,False,,,,
2025-04-07 04:47:00,548.5,548.99,548.41,548.89,131.627,True,True,True,True,0,0,27,False,False,False,False,False,,,,
2025-04-07 04:48:00,548.9,549.42,548.71,548.89,206.397,True,True,True,True,0,0,28,False,False,False,False,False,,,,
2025-04-07 04:49:00,548.9,549.12,546.92,547.18,298.326,True,True,True,True,0,0,29,False,False,False,False,False,,,,
2025-04-07 04:50:00,547.19,547.79,546.45,547.02,708.129,True,True,True,True,0,0,30,False,False,False,False,False,,,,
2025-04-07 04:51:00,547.03,548.3,546.65,547.68,375.741,True,True,True,True,0,0,31,False,False,False,False,False,,,,
2025-04-07 04:52:00,547.68,547.8,546.57,547.27,549.699,True,True,True,True,1,0,32,False,False,False,False,False,,,,
2025-04-07 04:53:00,547.27,548.19,547.27,547.68,189.155,True,True,True,True,2,0,33,False,False,False,False,False,,,,
2025-04-07 04:54:00,547.67,548.17,547.11,547.6,261.593,True,True,True,True,3,0,34,False,False,False,False,False,,,,
2025-04-07 04:55:00,547.6,548.49,547.59,547.89,455.892,True,True,True,True,4,0,35,False,False,False,False,False,,,,
2025-04-07 04:56:00,547.89,548.63,547.83,548.46,237.03,True,True,True,True,5,0,36,False,False,False,False,False,,,,
2025-04-07 04:57:00,548.47,549.19,548.47,548.84,175.676,True,True,True,True,6,0,37,False,False,False,False,False,,,,
2025-04-07 04:58:00,548.84,549.4,548.83,549.21,509.176,True,True,True,True,7,0,38,False,False,False,False,False,,,,
2025-04-07 04:59:00,549.21,549.22,548.9,548.91,510.486,True,True,True,True,8,0,39,False,False,False,False,False,,,,
2025-04-07 05:00:00,548.91,550.94,548.91,550.76,452.457,True,True,True,True,6,0,40,False,False,False,False,False,,,,
2025-04-07 05:01:00,550.74,550.76,548.5,548.5,325.681,True,True,True,True,6,0,41,False,False,False,False,False,,,,
2025-04-07 05:02:00,548.49,548.49,547.54,547.57,270.91,True,True,True,True,6,0,42,False,False,False,False,False,,,,
2025-04-07 05:03:00,547.57,548.78,547.51,548.4,290.833,True,True,True,True,6,0,43,False,False,False,False,False,,,,
2025-04-07 05:04:00,548.31,548.74,547.55,547.6,1331.08,True,True,True,True,6,0,44,False,False,False,False,False,,,,
2025-04-07 05:05:00,547.59,547.59,546.0,546.29,493.878,True,True,True,True,2,0,45,False,False,False,False,False,,,,
2025-04-07 05:06:00,546.3,547.09,546.1,546.51,250.773,True,True,True,True,0,0,46,False,False,False,False,False,,,,
2025-04-07 05:07:00,546.51,546.59,545.5,545.76,510.81,True,True,True,True,-4,0,47,False,False,False,False,False,,,,
2025-04-07 05:08:00,545.77,547.15,545.77,546.78,525.136,True,True,True,True,-2,0,48,False,False,False,False,False,,,,
2025-04-07 05:09:00,546.78,547.57,546.5,546.7,526.601,True,True,True,True,-2,0,49,False,False,False,False,False,,,,
2025-04-07 05:10:00,546.7,547.39,545.71,547.36,633.186,True,True,True,True,-2,0,50,False,False,False,False,False,,,,
2025-04-07 05:11:00,547.36,550.17,547.36,549.69,548.543,True,True,True,True,0,0,51,False,False,False,False,False,,,,
2025-04-07 05:12:00,549.7,550.26,549.13,549.63,1120.657,True,True,True,True,2,0,52,False,False,False,False,False,,,,
2025-04-07 05:13:00,549.65,549.96,548.97,549.51,442.638,True,True,True,True,0,0,53,False,False,False,False,False,,,,
2025-04-07 05:14:00,549.51,550.11,548.83,549.06,526.349,True,True,True,True,0,0,54,False,False,False,False,False,,,,
2025-04-07 05:15:00,549.07,550.45,549.07,550.31,478.282,True,True,True,True,4,0,55,False,False,False,False,False,,,,
2025-04-07 05:16:00,550.3,550.3,548.52,548.59,239.826,True,True,True,True,6,0,56,False,False,False,False,False,,,,
2025-04-07 05:17:00,548.59,548.59,547.51,548.06,238.006,True,True,True,True,4,0,57,False,False,False,False,False,,,,
2025-04-07 05:18:00,548.06,549.45,547.45,549.45,360.362,True,True,True,True,4,0,58,False,False,False,False,False,,,,
2025-04-07 05:19:00,549.46,550.6,549.46,550.35,700.403,True,True,True,True,2,0,59,False,False,False,False,False,,,,
2025-04-07 05:20:00,550.35,551.3,550.11,551.11,298.07,True,True,True,True,2,0,60,False,False,False,False,False,,,,
2025-04-07 05:21:00,551.11,551.11,549.62,550.04,279.83,True,True,True,True,4,0,61,False,False,False,False,False,,,,
2025-04-07 05:22:00,550.05,550.12,549.07,549.78,207.288,True,True,True,True,6,0,62,False,False,False,False,False,,,,
2025-04-07 05:23:00,549.8,549.8,548.73,548.88,691.629,True,True,True,True,6,0,63,False,False,False,False,False,,,,
2025-04-07 05:24:00,548.88,548.95,548.34,548.45,219.834,True,True,True,True,6,0,64,False,False,False,False,False,,,,
2025-04-07 05:25:00,548.46,549.29,548.31,548.63,282.118,True,True,True,True,8,0,65,False,False,False,False,False,,,,
2025-04-07 05:26:00,548.63,549.99,548.6,549.77,225.676,True,True,True,True,8,0,66,False,False,False,False,False,,,,
2025-04-07 05:27:00,549.78,549.98,548.51,548.65,205.396,True,True,True,True,8,0,67,False,False,False,False,False,,,,
2025-04-07 05:28:00,548.65,548.79,548.04,548.06,186.085,True,True,True,True,6,0,68,False,False,False,False,False,,,,
2025-04-07 05:29:00,548.05,548.23,547.4,547.9,647.5,True,True,True,True,-4,0,69,False,False,False,False,False,,,,
2025-04-07 05:30:00,547.91,548.92,547.91,548.8,169.902,True,True,True,True,-4,0,70,False,False,False,False,False,,,,
2025-04-07 05:31:00,548.81,549.61,548.51,549.28,215.725,True,True,True,True,-2,0,71,False,False,False,False,False,,,,
2025-04-07 05:32:00,549.28,549.99,549.02,549.36,198.97,True,True,True,True,2,0,72,False,False,False,False,False,,,,
2025-04-07 05:33:00,549.36,549.55,548.2,548.59,99.323,True,True,True,True,2,0,73,False,False,False,False,False,,,,
2025-04-07 05:34:00,548.54,548.69,547.86,547.98,223.963,True,True,True,True,-6,0,74,False,False,False,False,False,,,,
2025-04-07 05:35:00,547.98,548.38,547.6,547.73,156.655,True,True,True,True,-6,0,75,False,False,False,False,False,,,,
2025-04-07 05:36:00,547.71,548.2,547.18,547.31,225.986,True,True,True,True,-4,0,76,False,False,False,False,False,,,,
2025-04-07 05:37:00,547.32,547.7,546.21,546.73,343.968,True,True,True,True,-2,0,77,False,False,False,False,False,,,,
2025-04-07 05:38:00,546.74,547.08,546.1,546.36,209.338,True,True,True,True,-4,0,78,False,False,False,False,False,,,,
2025-04-07 05:39:00,546.37,546.44,545.31,545.82,832.699,True,True,True,True,-4,0,79,False,False,False,False,False,,,,
2025-04-07 05:40:00,545.84,546.39,545.4,545.41,378.217,True,True,True,True,0,0,80,False,False,False,False,False,,,,
2025-04-07 05:41:00,545.41,545.7,545.04,545.65,179.85,True,True,True,True,-2,0,81,False,False,False,False,False,,,,
2025-04-07 05:42:00,545.66,546.29,545.44,545.57,817.681,True,True,True,True,-2,0,82,False,False,False,False,False,,,,
2025-04-07 05:43:00,545.57,546.18,545.57,545.97,322.697,True,True,True,True,-2,0,83,False,False,False,False,False,,,,
2025-04-07 05:44:00,545.98,546.25,545.59,545.67,144.075,True,True,True,True,-4,0,84,False,False,False,False,False,,,,
2025-04-07 05:45:00,545.66,545.97,545.02,545.9,176.549,True,True,True,True,-6,0,85,False,False,False,False,False,,,,
2025-04-07 05:46:00,545.9,546.37,545.51,545.59,101.19,True,True,True,True,-4,0,86,False,False,False,False,False,,,,
2025-04-07 05:47:00,545.59,545.59,544.0,544.01,1249.474,True,True,True,True,-6,0,87,False,False,False,False,False,,,,
2025-04-07 05:48:00,544.0,544.01,542.55,542.76,2761.374,True,True,True,True,-6,0,88,False,False,False,False,False,,,,
2025-04-07 05:49:00,542.74,543.45,542.7,542.76,454.233,True,True,True,True,-6,0,89,False,False,False,False,False,,,,
2025-04-07 05:50:00,542.76,543.5,542.71,543.19,431.398,True,True,True,True,-4,0,90,False,False,False,False,False,,,,
2025-04-07 05:51:00,543.2,543.9,543.11,543.84,295.622,True,True,True,True,-2,0,91,False,False,False,False,False,,,,
2025-04-07 05:52:00,543.79,544.27,543.22,543.99,310.276,True,True,True,True,-6,0,92,False,False,False,False,False,,,,
2025-04-07 05:53:00,543.99,544.69,543.94,544.18,201.963,True,True,True,True,-6,0,93,False,False,False,False,False,,,,
2025-04-07 05:54:00,544.19,544.6,543.91,544.38,177.012,True,True,True,True,-4,0,94,False,False,False,False,False,,,,
2025-04-07 05:55:00,544.39,544.72,543.4,543.59,87.116,True,True,True,True,-6,0,95,False,False,False,False,False,,,,
2025-04-07 05:56:00,543.59,544.4,543.59,544.12,569.83,True,True,True,True,-6,0,96,False,False,False,False,False,,,,
2025-04-07 05:57:00,544.12,544.5,543.71,544.21,216.497,True,True,True,True,-4,0,97,False,False,False,False,False,,,,
2025-04-07 05:58:00,544.2,544.47,543.58,543.59,183.053,True,True,True,True,-6,0,98,False,False,False,False,False,,,,
2025-04-07 05:59:00,543.59,544.07,543.34,543.97,228.507,True,True,True,True,-6,0,99,False,False,False,False,False,,,,
2025-04-07 06:00:00,543.97,544.9,543.67,544.7,1162.608,True,True,True,True,-4,0,100,False,False,False,False,False,,,,
2025-04-07 06:01:00,544.69,546.6,544.41,546.43,1326.589,True,True,True,True,4,0,101,False,False,False,False,False,,,,
2025-04-07 06:02:00,546.42,547.24,545.7,547.24,232.968,True,True,True,True,6,0,102,False,False,False,False,False,,,,
2025-04-07 06:03:00,547.21,547.99,547.2,547.29,392.042,True,True,True,True,8,0,103,False,False,False,False,False,,,,
2025-04-07 06:04:00,547.28,547.28,546.5,546.6,173.773,True,True,True,True,8,0,104,False,False,False,False,False,,,,
2025-04-07 06:05:00,546.6,546.8,545.8,545.95,137.513,True,True,True,True,8,0,105,False,False,False,False,False,,,,
2025-04-07 06:06:00,545.95,545.99,544.56,545.68,761.889,True,True,True,True,8,0,106,False,False,False,False,False,,,,
2025-04-07 06:07:00,545.69,547.65,545.41,547.48,527.62,True,True,True,True,8,0,107,False,False,False,False,False,,,,
2025-04-07 06:08:00,547.48,547.48,545.69,545.69,677.966,True,True,True,True,8,0,108,False,False,False,False,False,,,,
2025-04-07 06:09:00,545.68,545.68,543.43,543.65,673.447,True,True,True,True,8,0,109,False,False,False,False,False,,,,
2025-04-07 06:10:00,543.66,544.59,543.62,544.59,328.926,True,True,True,True,4,0,110,False,False,False,False,False,,,,
2025-04-07 06:11:00,544.59,544.59,543.82,544.13,199.537,True,True,True,True,0,0,111,False,False,False,False,False,,,,
2025-04-07 06:12:00,544.13,544.86,544.12,544.27,121.907,True,True,True,True,0,0,112,False,False,False,False,False,,,,
2025-04-07 06:13:00,544.26,544.9,544.1,544.25,81.601,True,True,True,True,-2,0,113,False,False,False,False,False,,,,
2025-04-07 06:14:00,544.24,544.29,543.4,543.8,321.884,True,True,True,True,-2,0,114,False,False,False,False,False,,,,
2025-04-07 06:15:00,543.8,544.3,543.24,543.69,232.723,True,True,True,True,-4,0,115,False,False,False,False,False,,,,
2025-04-07 06:16:00,543.7,543.7,542.2,542.96,590.096,True,True,True,True,-4,0,116,False,False,False,False,False,,,,
2025-04-07 06:17:00,542.95,543.18,540.63,541.35,1779.898,True,True,True,True,-4,0,117,False,False,False,False,False,,,,
2025-04-07 06:18:00,541.36,541.99,540.9,541.15,430.67,True,True,True,True,-2,0,118,False,False,False,False,False,,,,
2025-04-07 06:19:00,541.14,541.4,540.01,540.4,3276.379,True,True,True,True,-2,0,119,False,False,False,False,False,,,,
2025-04-07 06:20:00,540.39,540.96,540.0,540.18,1191.899,True,True,True,True,-2,0,120,False,False,False,False,False,,,,
2025-04-07 06:21:00,540.19,541.94,540.18,541.78,558.129,True,True,True,True,0,0,121,False,False,False,False,False,,,,
2025-04-07 06:22:00,541.78,541.9,541.02,541.16,332.887,True,True,True,True,-8,0,122,False,False,False,False,False,,,,
2025-04-07 06:23:00,541.15,541.86,540.89,541.09,473.119,True,True,True,True,-6,0,123,False,False,False,False,False,,,,
2025-04-07 06:24:00,541.09,541.39,539.04,539.06,1528.429,True,True,True,True,-4,0,124,False,False,False,False,False,,,,
2025-04-07 06:25:00,539.06,539.74,537.4,537.62,1749.87,True,True,True,True,-4,0,125,False,False,False,False,False,,,,
2025-04-07 06:26:00,537.61,538.46,536.25,536.26,1464.527,True,True,True,True,-4,0,126,False,False,False,False,False,,,,
2025-04-07 06:27:00,536.26,537.69,536.2,537.07,1613.327,True,True,True,True,-4,0,127,False,False,False,False,False,,,,
2025-04-07 06:28:00,537.07,537.82,535.65,535.65,1133.024,True,True,True,True,-4,0,128,False,False,False,False,False,,,,
2025-04-07 06:29:00,535.65,536.83,535.65,536.49,932.577,True,True,True,True,-2,0,129,False,False,False,False,False,,,,
2025-04-07 06:30:00,536.49,538.29,536.49,537.5,828.057,True,True,True,True,0,0,130,False,False,False,False,False,,,,
2025-04-07 06:31:00,537.47,538.23,537.1,537.69,601.715,True,True,True,True,-8,0,131,False,False,False,False,False,,,,
2025-04-07 06:32:00,537.7,537.92,536.8,537.63,3134.105,True,True,True,True,-4,0,132,False,False,False,False,False,,,,
2025-04-07 06:33:00,537.64,537.9,536.7,536.81,425.441,True,True,True,True,-2,0,133,False,False,False,False,False,,,,
2025-04-07 06:34:00,536.82,537.29,533.0,534.09,5529.562,True,True,True,True,-4,0,134,False,False,False,False,False,,,,
2025-04-07 06:35:00,534.1,535.66,533.3,533.3,2006.831,True,True,True,True,-4,0,135,False,False,False,False,False,,,,
2025-04-07 06:36:00,533.31,533.85,531.05,531.36,2751.075,True,True,True,True,-4,0,136,False,False,False,False,False,,,,
2025-04-07 06:37:00,531.36,532.63,530.9,531.68,2533.554,True,True,True,True,-4,0,137,False,False,False,False,False,,,,
2025-04-07 06:38:00,531.69,531.94,530.41,530.65,1739.102,True,True,True,True,-4,0,138,False,False,False,False,False,,,,
2025-04-07 06:39:00,530.65,531.73,530.44,531.48,1088.515,True,True,True,True,-2,0,139,False,False,False,False,False,,,,
2025-04-07 06:40:00,531.48,532.7,531.35,532.25,1355.032,True,True,True,True,0,0,140,False,False,False,False,False,,,,
2025-04-07 06:41:00,532.24,532.7,530.85,530.92,1018.201,True,True,True,True,-8,0,141,False,False,False,False,False,,,,
2025-04-07 06:42:00,530.92,531.08,530.5,530.75,960.724,True,True,True,True,-4,0,142,False,False,False,False,False,,,,
2025-04-07 06:43:00,530.75,530.86,529.27,529.33,3787.071,True,True,True,True,-2,0,143,False,False,False,False,False,,,,
2025-04-07 06:44:00,529.34,529.74,528.13,529.09,2756.578,True,True,True,True,-2,0,144,False,False,False,False,False,,,,
2025-04-07 06:45:00,529.09,530.86,529.09,529.16,1418.424,True,True,True,True,-2,0,145,False,False,False,False,False,,,,
2025-04-07 06:46:00,529.16,529.59,525.0,525.0,5038.335,True,True,True,True,-4,0,146,False,False,False,False,False,,,,
2025-04-07 06:47:00,525.01,527.94,525.0,527.35,5356.872,True,True,True,True,-4,0,147,False,False,False,False,False,,,,
2025-04-07 06:48:00,527.36,529.58,527.19,529.29,1719.812,True,True,True,True,-2,0,148,False,False,False,False,False,,,,
2025-04-07 06:49:00,529.29,530.43,528.32,528.98,1580.841,True,True,True,True,-8,0,149,False,False,False,False,False,,,,
2025-04-07 06:50:00,528.99,529.63,527.89,528.71,1228.329,True,True,True,True,-6,0,150,False,False,False,False,False,,,,
2025-04-07 06:51:00,528.71,529.92,528.27,528.66,753.675,True,True,True,True,-2,0,151,False,False,False,False,False,,,,
2025-04-07 06:52:00,528.66,528.84,526.91,527.39,881.962,True,True,True,True,-2,0,152,False,False,False,False,False,,,,
2025-04-07 06:53:00,527.4,527.66,525.32,525.62,913.516,True,True,True,True,-4,0,153,False,False,False,False,False,,,,
2025-04-07 06:54:00,525.63,525.63,520.0,522.77,13171.781,True,True,True,True,-4,0,154,False,False,False,False,False,,,,
2025-04-07 06:55:00,522.77,524.42,521.52,522.96,4231.23,True,True,True,True,-4,0,155,False,False,False,False,False,,,,
2025-04-07 06:56:00,522.97,525.7,522.73,523.64,2682.948,True,True,True,True,-2,0,156,False,False,False,False,False,,,,
2025-04-07 06:57:00,523.64,525.0,522.99,524.07,4087.123,True,True,True,True,-8,0,157,False,False,False,False,False,,,,
2025-04-07 06:58:00,524.07,524.88,523.02,523.69,1170.903,True,True,True,True,-6,0,158,False,False,False,False,False,,,,
2025-04-07 06:59:00,523.7,523.96,522.2,522.27,1064.912,True,True,True,True,-4,0,159,False,False,False,False,False,,,,
2025-04-07 07:00:00,522.29,525.24,522.29,524.83,1907.558,True,True,True,True,-2,0,160,False,False,False,False,False,,,,
2025-04-07 07:01:00,524.81,525.3,523.69,524.38,1919.998,True,True,True,True,0,0,161,False,False,False,False,False,,,,
2025-04-07 07:02:00,524.39,525.7,524.01,524.54,2198.214,True,True,True,True,-2,0,162,False,False,False,False,False,,,,
2025-04-07 07:03:00,524.55,525.22,523.5,525.09,846.154,True,True,True,True,-2,0,163,False,False,False,False,False,,,,
2025-04-07 07:04:00,525.1,525.72,523.49,524.65,1709.171,True,True,True,True,-2,0,164,False,False,False,False,False,,,,
2025-04-07 07:05:00,524.66,526.4,524.06,526.36,1280.048,True,True,True,True,-2,0,165,False,False,False,False,False,,,,
2025-04-07 07:06:00,526.37,528.4,526.0,527.65,1435.876,True,True,True,True,6,0,166,False,False,False,False,False,,,,
2025-04-07 07:07:00,527.64,529.49,527.64,528.6,2703.006,True,True,True,True,8,0,167,False,False,False,False,False,,,,
2025-04-07 07:08:00,528.6,528.93,528.07,528.89,1176.62,True,True,True,True,8,0,168,False,False,False,False,False,,,,
2025-04-07 07:09:00,528.88,530.44,528.78,529.81,1884.695,True,True,True,True,8,0,169,False,False,False,False,False,,,,
2025-04-07 07:10:00,529.82,531.76,529.11,530.86,5549.795,True,True,True,True,6,0,170,False,False,False,False,False,,,,
2025-04-07 07:11:00,530.86,532.39,530.2,532.18,2217.822,True,True,True,True,8,0,171,False,False,False,False,False,,,,
2025-04-07 07:12:00,532.19,533.21,531.81,531.95,1746.449,True,True,True,True,8,0,172,False,False,False,False,False,,,,
2025-04-07 07:13:00,531.95,532.46,531.11,531.88,926.857,True,True,True,True,8,0,173,False,False,False,False,False,,,,
2025-04-07 07:14:00,531.88,531.88,529.54,530.41,940.176,True,True,True,True,8,0,174,False,False,False,False,False,,,,
2025-04-07 07:15:00,530.41,531.85,530.31,531.2,1032.734,True,True,True,True,4,0,175,False,False,False,False,False,,,,
2025-04-07 07:16:00,531.21,532.35,531.21,532.25,1275.068,True,True,True,True,8,0,176,False,False,False,False,False,,,,
2025-04-07 07:17:00,532.25,533.53,531.57,532.52,1375.765,True,True,True,True,8,0,177,False,False,False,False,False,,,,
2025-04-07 07:18:00,532.52,534.62,532.52,534.54,855.846,True,True,True,True,8,0,178,False,False,False,False,False,,,,
2025-04-07 07:19:00,534.55,535.85,534.55,535.28,871.323,True,True,True,True,8,0,179,False,False,False,False,False,,,,
2025-04-07 07:20:00,535.27,535.57,533.51,533.68,1076.307,True,True,True,True,8,0,180,False,False,False,False,False,,,,
2025-04-07 07:21:00,533.68,534.85,533.29,534.22,660.908,True,True,True,True,8,0,181,False,False,False,False,False,,,,
2025-04-07 07:22:00,534.23,534.56,533.57,534.56,421.431,True,True,True,True,8,0,182,False,False,False,False,False,,,,
2025-04-07 07:23:00,534.56,535.37,533.87,533.9,1181.557,True,True,True,True,8,0,183,False,False,False,False,False,,,,
2025-04-07 07:24:00,533.91,534.37,533.5,533.5,387.61,True,True,True,True,8,0,184,False,False,False,False,False,,,,
2025-04-07 07:25:00,533.5,533.73,531.65,532.17,1192.804,True,True,True,True,2,0,185,False,False,False,False,False,,,,
2025-04-07 07:26:00,532.16,533.3,531.8,533.3,922.992,True,True,True,True,2,0,186,False,False,False,False,False,,,,
2025-04-07 07:27:00,533.29,533.46,532.37,532.69,384.175,True,True,True,True,4,0,187,False,False,False,False,False,,,,
2025-04-07 07:28:00,532.7,532.83,531.27,531.93,377.606,True,True,True,True,4,0,188,False,False,False,False,False,,,,
2025-04-07 07:29:00,531.92,531.97,531.31,531.67,295.736,True,True,True,True,4,0,189,False,False,False,False,False,,,,
2025-04-07 07:30:00,531.68,531.78,530.49,531.33,717.074,True,True,True,True,4,0,190,False,False,False,False,False,,,,
2025-04-07 07:31:00,531.33,531.91,530.6,530.88,607.068,True,True,True,True,-2,0,191,False,False,False,False,False,,,,
2025-04-07 07:32:00,530.87,531.04,529.29,530.03,556.324,True,True,True,True,-6,0,192,False,False,False,False,False,,,,
2025-04-07 07:33:00,530.02,530.1,528.81,529.12,1160.624,True,True,True,True,-6,0,193,False,False,False,False,False,,,,
2025-04-07 07:34:00,529.11,529.2,527.79,528.14,2894.787,True,True,True,True,-6,0,194,False,False,False,False,False,,,,
2025-04-07 07:35:00,528.15,528.87,527.84,528.28,314.535,True,True,True,True,-6,0,195,False,False,False,False,False,,,,
2025-04-07 07:36:00,528.27,529.93,528.1,528.48,474.395,True,True,True,True,-4,0,196,False,False,False,False,False,,,,
2025-04-07 07:37:00,528.49,530.13,528.49,529.81,479.63,True,True,True,True,-2,0,197,False,False,False,False,False,,,,
2025-04-07 07:38:00,529.82,531.04,529.82,530.93,309.818,True,True,True,True,2,0,198,False,False,False,False,False,,,,
2025-04-07 07:39:00,530.93,531.6,530.63,531.6,725.521,True,True,True,True,2,0,199,False,False,False,False,False,,,,
2025-04-07 07:40:00,531.6,532.98,531.58,532.93,527.995,True,True,True,True,2,0,200,False,False,False,False,False,,,,
2025-04-07 07:41:00,532.92,535.14,532.82,533.81,698.789,True,True,True,True,8,1,0,False,False,False,True,False,532.82,,,
2025-04-07 07:42:00,533.83,534.4,533.57,534.09,280.193,True,True,True,True,8,1,1,False,False,False,False,False,,,,
2025-04-07 07:43:00,534.1,534.1,533.5,533.71,299.75,True,True,True,True,8,1,2,False,False,False,False,False,,,,
2025-04-07 07:44:00,533.71,533.9,532.64,533.04,490.839,True,True,True,True,8,1,3,False,False,False,False,False,,,,
2025-04-07 07:45:00,533.02,533.02,530.6,531.0,471.539,True,True,True,True,-4,1,4,False,True,False,False,False,,,533.02,
2025-04-07 07:46:00,531.0,531.88,530.96,531.31,342.214,True,True,True,True,-6,1,5,False,True,False,False,False,,,,
2025-04-07 07:47:00,531.31,532.39,530.73,532.32,702.858,True,True,True,True,-4,1,6,False,True,False,False,False,,,,
2025-04-07 07:48:00,532.33,532.5,531.61,531.9,249.677,True,True,True,True,8,1,7,False,True,False,False,False,,,,
2025-04-07 07:49:00,531.9,532.09,530.32,530.95,309.004,True,True,True,True,8,1,8,False,True,False,False,False,,,,
2025-04-07 07:50:00,530.95,531.01,529.53,529.6,652.793,True,True,True,True,8,1,9,False,True,False,False,False,,,,
2025-04-07 07:51:00,529.59,530.47,529.59,530.08,281.388,True,True,True,True,2,1,10,False,True,False,False,False,,,,
2025-04-07 07:52:00,530.09,530.39,529.5,529.68,634.283,True,True,True,True,0,1,11,False,True,False,False,False,,,,
2025-04-07 07:53:00,529.67,530.11,529.56,529.56,251.241,True,True,True,True,-6,1,12,False,True,False,False,False,,,,
2025-04-07 07:54:00,529.55,530.07,529.25,529.59,548.2,True,True,True,True,-6,1,13,False,True,False,False,False,,,,
2025-04-07 07:55:00,529.6,530.9,529.21,530.89,229.922,True,True,True,True,-4,1,14,False,True,False,False,False,,,,
2025-04-07 07:56:00,530.9,531.35,530.71,531.35,171.875,True,True,True,True,-4,1,15,False,True,False,False,False,,,,
2025-04-07 07:57:00,531.35,532.4,531.34,531.81,307.296,True,True,True,True,-4,1,16,False,True,False,False,False,,,,
2025-04-07 07:58:00,531.81,531.99,530.7,530.7,183.308,True,True,True,True,-2,1,17,False,True,False,False,False,,,,
2025-04-07 07:59:00,530.71,530.75,530.09,530.1,390.598,True,True,True,True,-4,1,18,False,True,False,False,False,,,,
2025-04-07 08:00:00,530.08,530.76,529.14,529.59,631.553,True,True,True,True,-6,1,19,False,True,False,False,False,,,,
2025-04-07 08:01:00,529.58,531.5,529.37,531.45,642.642,True,True,True,True,-4,1,20,False,True,False,False,False,,,,
2025-04-07 08:02:00,531.46,533.21,531.25,532.34,1266.521,True,True,True,True,-4,1,21,False,True,False,False,False,,,,
2025-04-07 08:03:00,532.34,534.38,532.1,534.38,941.399,True,True,True,True,8,1,22,False,True,False,False,False,,,,
2025-04-07 08:04:00,534.38,534.9,533.81,534.06,887.14,True,True,True,True,6,1,23,False,True,False,False,False,,,,
2025-04-07 08:05:00,534.05,534.13,532.63,532.71,328.554,True,True,True,True,6,1,24,False,True,False,False,False,,,,
2025-04-07 08:06:00,532.72,532.94,531.17,532.19,610.415,True,True,True,True,8,1,25,False,True,False,False,False,,,,
2025-04-07 08:07:00,532.18,533.59,531.91,532.63,348.32,True,True,True,True,8,1,26,False,True,False,False,False,,,,
2025-04-07 08:08:00,532.62,533.2,531.53,531.7,376.786,True,True,True,True,8,1,27,False,True,False,False,False,,,,
2025-04-07 08:09:00,531.71,532.38,531.27,532.38,2694.937,True,True,True,True,8,1,28,False,True,False,False,False,,,,
2025-04-07 08:10:00,532.37,532.93,531.7,532.31,397.347,True,True,True,True,4,1,29,False,True,False,False,False,,,,
2025-04-07 08:11:00,532.32,532.96,531.3,531.42,327.542,True,True,True,True,2,1,30,False,True,False,False,False,,,,
2025-04-07 08:12:00,531.41,532.93,531.17,532.42,432.642,True,True,True,True,2,1,31,False,True,False,False,False,,,,
2025-04-07 08:13:00,532.4,533.76,532.08,533.6,766.403,True,True,True,True,8,1,32,False,True,False,False,False,,,,
2025-04-07 08:14:00,533.6,533.7,533.1,533.53,308.43,True,True,True,True,8,1,33,False,True,False,False,False,,,,
2025-04-07 08:15:00,533.52,534.49,533.13,534.11,341.316,True,True,True,True,8,1,34,False,True,False,False,False,,,,
2025-04-07 08:16:00,534.11,535.28,534.05,535.17,617.303,True,True,True,True,8,1,35,False,True,False,False,False,,,,
2025-04-07 08:17:00,535.17,535.7,535.03,535.44,521.516,True,True,True,True,8,1,36,False,True,False,False,False,,,,
2025-04-07 08:18:00,535.44,535.69,534.94,535.69,550.779,True,True,True,True,8,1,37,False,True,False,False,False,,,,
2025-04-07 08:19:00,535.69,536.73,535.48,536.67,612.646,True,True,True,True,8,1,38,False,True,False,False,False,,,,
2025-04-07 08:20:00,536.67,538.49,536.37,537.8,980.943,True,True,True,True,8,1,39,False,True,False,False,False,,,,
2025-04-07 08:21:00,537.8,539.17,537.7,538.91,950.896,True,True,True,True,8,1,40,False,True,False,False,False,,,,
2025-04-07 08:22:00,538.91,540.45,538.74,539.97,1657.635,True,True,True,True,8,1,41,False,True,False,False,False,,,,
2025-04-07 08:23:00,539.96,541.2,539.81,541.19,1084.898,True,True,True,True,6,1,42,False,True,False,False,False,,,,
2025-04-07 08:24:00,541.19,542.3,541.19,542.01,870.11,True,True,True,True,8,1,43,False,True,False,False,False,,,,
2025-04-07 08:25:00,542.02,542.5,541.41,542.38,555.45,True,True,True,True,8,1,44,False,True,False,False,False,,,,
2025-04-07 08:26:00,542.38,542.56,540.03,540.09,542.191,True,True,True,True,8,1,45,False,True,False,False,False,,,,
2025-04-07 08:27:00,540.09,541.8,539.73,541.68,490.095,True,True,True,True,8,1,46,False,True,False,False,False,,,,
2025-04-07 08:28:00,541.67,541.74,540.61,541.1,441.89,True,True,True,True,8,1,47,False,True,False,False,False,,,,
2025-04-07 08:29:00,541.11,541.53,540.57,540.58,294.407,True,True,True,True,8,1,48,False,True,False,False,False,,,,
2025-04-07 08:30:00,540.58,541.03,540.11,540.46,360.481,True,True,True,True,8,1,49,False,True,False,False,False,,,,
2025-04-07 08:31:00,540.47,540.9,539.8,540.11,838.075,True,True,True,True,8,1,50,False,True,False,False,False,,,,
2025-04-07 08:32:00,540.11,540.36,539.6,540.01,230.175,True,True,True,True,6,1,51,False,True,False,False,False,,,,
2025-04-07 08:33:00,540.01,541.5,539.61,541.48,384.602,True,True,True,True,6,1,52,False,True,False,False,False,,,,
2025-04-07 08:34:00,541.48,542.59,541.16,542.35,480.88,True,True,True,True,8,1,53,False,True,False,False,False,,,,
2025-04-07 08:35:00,542.36,543.62,541.83,543.35,13923.041,True,True,True,True,8,1,54,False,True,False,False,False,,,,
2025-04-07 08:36:00,543.37,543.7,541.63,542.69,25115.17,True,True,True,True,8,1,55,False,True,False,False,False,,,,
2025-04-07 08:37:00,542.7,543.4,542.17,543.0,23605.634,True,True,True,True,8,1,56,False,True,False,False,False,,,,
2025-04-07 08:38:00,542.99,543.0,541.93,542.17,21368.004,True,True,True,True,6,1,57,False,True,False,False,False,,,,
2025-04-07 08:39:00,542.18,542.94,541.03,541.46,1014.312,True,True,True,True,6,1,58,False,True,False,False,False,,,,
2025-04-07 08:40:00,541.47,542.52,541.2,542.45,397.134,True,True,True,True,6,1,59,False,True,False,False,False,,,,
2025-04-07 08:41:00,542.45,542.5,542.01,542.24,396.077,True,True,True,True,6,1,60,False,True,False,False,False,,,,
2025-04-07 08:42:00,542.24,543.5,541.81,543.41,1359.005,True,True,True,True,6,1,61,False,True,False,False,False,,,,
2025-04-07 08:43:00,543.41,544.83,543.25,544.62,726.682,True,True,True,True,8,1,62,False,True,False,False,False,,,,
2025-04-07 08:44:00,544.61,544.61,543.39,543.39,333.42,True,True,True,True,8,1,63,False,True,False,False,False,,,,
2025-04-07 08:45:00,543.39,544.4,542.81,543.1,706.533,True,True,True,True,8,1,64,False,True,False,False,False,,,,
2025-04-07 08:46:00,543.1,543.5,542.62,543.3,2506.578,True,True,True,True,4,1,65,False,True,False,False,False,,,,
2025-04-07 08:47:00,543.3,544.08,543.14,543.55,351.915,True,True,True,True,6,1,66,False,True,False,False,False,,,,
2025-04-07 08:48:00,543.54,543.6,542.5,542.93,316.935,True,True,True,True,2,1,67,False,True,False,False,False,,,,
2025-04-07 08:49:00,542.93,543.3,542.02,542.02,694.186,True,True,True,True,-6,1,68,False,True,False,False,False,,,,
2025-04-07 08:50:00,542.01,542.01,540.91,540.91,325.194,True,True,True,True,-6,1,69,False,True,False,False,False,,,,
2025-04-07 08:51:00,540.91,541.75,540.8,541.36,278.548,True,True,True,True,-6,1,70,False,True,False,False,False,,,,
2025-04-07 08:52:00,541.37,541.6,540.96,541.47,346.96,True,True,True,True,-4,1,71,False,True,False,False,False,,,,
2025-04-07 08:53:00,541.47,541.69,540.77,540.78,244.895,True,True,True,True,-4,1,72,False,True,False,False,False,,,,
2025-04-07 08:54:00,540.78,541.57,540.3,540.76,998.449,True,True,True,True,-8,1,73,False,True,False,False,False,,,,
2025-04-07 08:55:00,540.76,542.3,540.76,542.14,851.102,True,True,True,True,-6,1,74,False,True,False,False,False,,,,
2025-04-07 08:56:00,542.14,542.7,541.31,541.33,415.717,True,True,True,True,-4,1,75,False,True,False,False,False,,,,
2025-04-07 08:57:00,541.34,541.65,540.85,540.85,266.494,True,True,True,True,-8,1,76,False,True,False,False,False,,,,
2025-04-07 08:58:00,540.85,541.43,540.33,540.38,300.166,True,True,True,True,-6,1,77,False,True,False,False,False,,,,
2025-04-07 08:59:00,540.38,540.7,540.34,540.66,186.988,True,True,True,True,-4,1,78,False,True,False,False,False,,,,
2025-04-07 09:00:00,540.65,540.9,540.0,540.38,306.207,True,True,True,True,-2,1,79,False,True,False,False,False,,,,
2025-04-07 09:01:00,540.39,541.8,540.14,541.6,392.954,True,True,True,True,-6,1,80,False,True,False,False,False,,,,
2025-04-07 09:02:00,541.59,542.24,541.2,541.92,208.482,True,True,True,True,-6,1,81,False,True,False,False,False,,,,
2025-04-07 09:03:00,541.91,542.29,541.68,542.26,174.807,True,True,True,True,6,1,82,False,True,False,False,False,,,,
2025-04-07 09:04:00,542.27,542.53,541.4,541.5,304.014,True,True,True,True,6,1,83,False,True,False,False,False,,,,
2025-04-07 09:05:00,541.5,541.51,540.49,540.64,275.751,True,True,True,True,8,1,84,False,True,False,False,False,,,,
2025-04-07 09:06:00,540.65,540.89,539.45,539.64,301.768,True,True,True,True,-8,1,85,False,True,False,False,False,,,,
2025-04-07 09:07:00,539.64,540.09,539.2,539.28,284.842,True,True,True,True,-6,1,86,False,True,False,False,False,,,,
2025-04-07 09:08:00,539.29,539.7,538.98,539.21,1386.173,True,True,True,True,-6,1,87,False,True,False,False,False,,,,
2025-04-07 09:09:00,539.21,539.9,539.21,539.9,132.355,True,True,True,True,-4,1,88,False,True,False,False,False,,,,
2025-04-07 09:10:00,539.91,540.16,539.71,539.71,150.15,True,True,True,True,-2,1,89,False,True,False,False,False,,,,
2025-04-07 09:11:00,539.71,539.71,538.41,538.48,566.951,True,True,True,True,-8,1,90,False,True,False,False,False,,,,
2025-04-07 09:12:00,538.47,539.2,538.44,539.13,179.606,True,True,True,True,-6,1,91,False,True,False,False,False,,,,
2025-04-07 09:13:00,539.13,539.47,538.65,538.92,146.322,True,True,True,True,-2,1,92,False,True,False,False,False,,,,
2025-04-07 09:14:00,538.92,539.18,538.66,538.7,137.068,True,True,True,True,-4,1,93,False,True,False,False,False,,,,
2025-04-07 09:15:00,538.7,538.87,538.29,538.47,175.114,True,True,True,True,-6,1,94,False,True,False,False,False,,,,
2025-04-07 09:16:00,538.46,538.46,537.76,538.11,217.138,True,True,True,True,-6,1,95,False,True,False,False,False,,,,
2025-04-07 09:17:00,538.11,538.5,537.48,537.77,395.684,True,True,True,True,-6,1,96,False,True,False,False,False,,,,
2025-04-07 09:18:00,537.78,538.08,536.86,536.86,259.143,True,True,True,True,-6,1,97,False,True,False,False,False,,,,
2025-04-07 09:19:00,536.85,537.07,536.58,536.73,481.379,True,True,True,True,-6,1,98,False,True,False,False,False,,,,
2025-04-07 09:20:00,536.74,537.99,536.73,537.8,212.179,True,True,True,True,-4,1,99,False,True,False,False,False,,,,
2025-04-07 09:21:00,537.8,537.81,537.0,537.01,97.024,True,True,True,True,-2,1,100,False,True,False,False,False,,,,
2025-04-07 09:22:00,537.01,537.52,536.85,537.3,291.569,True,True,True,True,-8,1,101,False,True,False,False,False,,,,
2025-04-07 09:23:00,537.29,537.99,537.0,537.84,265.629,True,True,True,True,-6,1,102,False,True,False,False,False,,,,
2025-04-07 09:24:00,537.83,538.5,537.81,538.02,342.864,True,True,True,True,-4,1,103,False,True,False,False,False,,,,
2025-04-07 09:25:00,538.02,538.83,537.61,538.62,202.517,True,True,True,True,-2,1,104,False,True,False,False,False,,,,
2025-04-07 09:26:00,538.63,540.16,538.51,539.71,388.557,True,True,True,True,0,1,105,False,True,False,False,False,,,,
2025-04-07 09:27:00,539.71,540.67,539.22,539.49,363.576,True,True,True,True,8,1,106,False,True,False,False,False,,,,
2025-04-07 09:28:00,539.5,540.1,539.27,540.04,208.651,True,True,True,True,8,1,107,False,True,False,False,False,,,,
2025-04-07 09:29:00,540.05,540.41,539.71,539.9,169.278,True,True,True,True,8,1,108,False,True,False,False,False,,,,
2025-04-07 09:30:00,539.89,540.93,539.7,540.9,297.74,True,True,True,True,8,1,109,False,True,False,False,False,,,,
2025-04-07 09:31:00,540.91,541.07,540.14,540.2,243.013,True,True,True,True,8,1,110,False,True,False,False,False,,,,
2025-04-07 09:32:00,540.2,540.49,539.42,539.69,318.999,True,True,True,True,8,1,111,False,True,False,False,False,,,,
2025-04-07 09:33:00,539.7,540.32,539.43,540.32,144.549,True,True,True,True,8,1,112,False,True,False,False,False,,,,
2025-04-07 09:34:00,540.33,540.8,539.85,540.26,182.326,True,True,True,True,8,1,113,False,True,False,False,False,,,,
2025-04-07 09:35:00,540.26,540.5,539.8,539.98,167.464,True,True,True,True,8,1,114,False,True,False,False,False,,,,
2025-04-07 09:36:00,539.99,540.7,539.8,540.52,180.105,True,True,True,True,6,1,115,False,True,False,False,False,,,,
2025-04-07 09:37:00,540.52,540.7,540.13,540.54,130.343,True,True,True,True,8,1,116,False,True,False,False,False,,,,
2025-04-07 09:38:00,540.53,540.53,539.7,540.43,300.155,True,True,True,True,8,1,117,False,True,False,False,False,,,,
2025-04-07 09:39:00,540.44,541.42,540.44,541.36,233.644,True,True,True,True,8,1,118,False,True,False,False,False,,,,
2025-04-07 09:40:00,541.37,542.38,541.33,541.9,238.608,True,True,True,True,8,1,119,False,True,False,False,False,,,,
2025-04-07 09:41:00,541.91,542.1,541.4,541.73,238.636,True,True,True,True,8,1,120,False,True,False,False,False,,,,
2025-04-07 09:42:00,541.73,542.88,541.71,542.67,306.52,True,True,True,True,8,1,121,False,True,False,False,False,,,,
2025-04-07 09:43:00,542.68,542.68,542.1,542.1,95.402,True,True,True,True,8,1,122,False,True,False,False,False,,,,
2025-04-07 09:44:00,542.11,542.49,542.11,542.39,129.312,True,True,True,True,8,1,123,False,True,False,False,False,,,,
2025-04-07 09:45:00,542.39,542.4,541.71,541.97,190.5,True,True,True,True,8,1,124,False,True,False,False,False,,,,
2025-04-07 09:46:00,541.98,542.19,541.01,541.3,122.316,True,True,True,True,6,1,125,False,True,False,False,False,,,,
2025-04-07 09:47:00,541.3,541.9,541.12,541.76,289.701,True,True,True,True,0,1,126,False,True,False,False,False,,,,
2025-04-07 09:48:00,541.76,543.97,541.76,543.81,348.825,True,True,True,True,8,1,127,False,True,False,False,False,,,,
2025-04-07 09:49:00,543.81,544.29,543.5,543.82,376.703,True,True,True,True,8,1,128,False,True,False,False,False,,,,
2025-04-07 09:50:00,543.83,543.83,542.66,542.91,284.269,True,True,True,True,8,1,129,False,True,False,False,False,,,,
2025-04-07 09:51:00,542.9,542.96,542.0,542.01,170.873,True,True,True,True,8,1,130,False,True,False,False,False,,,,
2025-04-07 09:52:00,542.01,542.3,541.6,541.61,301.078,True,True,True,True,6,1,131,False,True,False,False,False,,,,
2025-04-07 09:53:00,541.6,541.6,540.41,540.52,151.739,True,True,True,True,2,1,132,False,True,False,False,False,,,,
2025-04-07 09:54:00,540.53,540.89,540.23,540.74,151.405,True,True,True,True,-4,1,133,False,True,False,False,False,,,,
2025-04-07 09:55:00,540.74,540.85,539.91,539.93,243.117,True,True,True,True,-4,1,134,False,True,False,False,False,,,,
2025-04-07 09:56:00,539.93,539.96,538.7,538.75,380.046,True,True,True,True,-6,-1,0,False,True,False,False,True,,539.96,,
2025-04-07 09:57:00,538.75,539.28,538.7,539.0,120.876,True,True,True,True,-4,-1,1,False,True,False,False,False,,,,
2025-04-07 09:58:00,538.99,539.21,538.08,538.98,639.635,True,True,True,True,-4,-1,2,False,True,False,False,False,,,,
2025-04-07 09:59:00,538.98,539.0,538.7,538.82,159.833,True,True,True,True,-2,-1,3,False,True,False,False,False,,,,
2025-04-07 10:00:00,538.83,539.7,538.6,539.58,378.846,True,True,True,True,0,-1,4,False,False,True,False,False,,,,538.6
2025-04-07 10:01:00,539.52,539.52,538.9,539.03,129.283,True,True,True,True,-8,-1,5,False,False,True,False,False,,,,
2025-04-07 10:02:00,539.0,541.39,538.91,541.0,580.151,True,True,True,True,-6,-1,6,False,False,True,False,False,,,,
2025-04-07 10:03:00,541.01,542.06,540.61,541.55,288.912,True,True,True,True,-4,-1,7,False,False,True,False,False,,,,
2025-04-07 10:04:00,541.55,542.17,541.24,541.53,236.124,True,True,True,True,8,-1,8,False,False,True,False,False,,,,
2025-04-07 10:05:00,541.54,542.4,541.33,542.37,217.822,True,True,True,True,8,-1,9,False,False,True,False,False,,,,
2025-04-07 10:06:00,542.37,542.6,541.81,541.85,85.256,True,True,True,True,8,-1,10,False,False,True,False,False,,,,
2025-04-07 10:07:00,541.86,542.0,541.23,541.48,122.73,True,True,True,True,8,-1,11,False,False,True,False,False,,,,
2025-04-07 10:08:00,541.41,541.79,541.0,541.55,70.593,True,True,True,True,8,-1,12,False,False,True,False,False,,,,
2025-04-07 10:09:00,541.55,541.81,541.2,541.45,71.333,True,True,True,True,8,-1,13,False,False,True,False,False,,,,
2025-04-07 10:10:00,541.46,542.24,541.2,542.1,145.249,True,True,True,True,6,-1,14,False,False,True,False,False,,,,
2025-04-07 10:11:00,542.1,542.87,542.1,542.27,203.084,True,True,True,True,8,-1,15,False,False,True,False,False,,,,
2025-04-07 10:12:00,542.2,544.29,542.18,543.34,752.63,True,True,True,True,8,-1,16,False,False,True,False,False,,,,
2025-04-07 10:13:00,543.33,543.51,543.0,543.44,140.629,True,True,True,True,8,-1,17,False,False,True,False,False,,,,
2025-04-07 10:14:00,543.41,544.4,543.41,544.4,139.669,True,True,True,True,8,-1,18,False,False,True,False,False,,,,
2025-04-07 10:15:00,544.41,545.2,544.16,544.7,333.819,True,True,True,True,8,1,0,False,False,True,True,False,544.16,,,
2025-04-07 10:16:00,544.7,546.45,544.6,546.34,659.761,True,True,True,True,8,1,1,False,False,True,False,False,,,,
2025-04-07 10:17:00,546.34,547.52,545.89,546.01,989.944,True,True,True,True,8,1,2,False,False,True,False,False,,,,
2025-04-07 10:18:00,546.01,546.98,545.96,546.68,1127.131,True,True,True,True,8,1,3,False,False,True,False,False,,,,
2025-04-07 10:19:00,546.68,547.12,546.26,547.04,397.38,True,True,True,True,8,1,4,False,True,False,False,False,,,547.12,
2025-04-07 10:20:00,547.05,548.6,546.8,547.6,516.753,True,True,True,True,8,1,5,False,True,False,False,False,,,,
2025-04-07 10:21:00,547.6,547.64,546.56,546.6,465.826,True,True,True,True,8,1,6,False,True,False,False,False,,,,
2025-04-07 10:22:00,546.6,546.76,545.8,546.75,480.768,True,True,True,True,8,1,7,False,True,False,False,False,,,,
2025-04-07 10:23:00,546.74,546.99,546.1,546.46,162.371,True,True,True,True,8,1,8,False,True,False,False,False,,,,
2025-04-07 10:24:00,546.47,546.47,545.89,546.21,143.156,True,True,True,True,8,1,9,False,True,False,False,False,,,,
2025-04-07 10:25:00,546.21,546.28,545.31,546.28,259.152,True,True,True,True,8,1,10,False,True,False,False,False,,,,
2025-04-07 10:26:00,546.28,546.28,544.96,545.49,162.664,True,True,True,True,8,1,11,False,True,False,False,False,,,,
2025-04-07 10:27:00,545.49,545.49,544.3,544.5,146.73,True,True,True,True,8,1,12,False,True,False,False,False,,,,
2025-04-07 10:28:00,544.5,544.79,544.17,544.73,171.394,True,True,True,True,8,1,13,False,True,False,False,False,,,,
2025-04-07 10:29:00,544.73,545.7,544.73,545.64,198.806,True,True,True,True,4,1,14,False,True,False,False,False,,,,
2025-04-07 10:30:00,545.64,545.81,545.12,545.43,440.194,True,True,True,True,4,1,15,False,True,False,False,False,,,,
2025-04-07 10:31:00,545.43,545.7,545.0,545.55,203.634,True,True,True,True,8,1,16,False,True,False,False,False,,,,
2025-04-07 10:32:00,545.56,546.39,545.05,546.29,614.973,True,True,True,True,8,1,17,False,True,False,False,False,,,,
2025-04-07 10:33:00,546.29,546.73,546.0,546.6,463.489,True,True,True,True,8,1,18,False,True,False,False,False,,,,
2025-04-07 10:34:00,546.61,547.12,546.19,546.24,526.737,True,True,True,True,8,1,19,False,True,False,False,False,,,,
2025-04-07 10:35:00,546.25,546.25,543.75,544.48,453.323,True,True,True,True,8,1,20,False,True,False,False,False,,,,
2025-04-07 10:36:00,544.53,544.6,543.3,543.5,1415.481,True,True,True,True,-6,-1,0,False,True,False,False,True,,544.6,,
2025-04-07 10:37:00,543.6,544.37,543.46,544.2,402.402,True,True,True,True,-6,-1,1,False,True,False,False,False,,,,
2025-04-07 10:38:00,544.19,545.55,543.87,545.29,899.423,True,True,True,True,-4,-1,2,False,True,False,False,False,,,,
2025-04-07 10:39:00,545.29,545.54,544.63,545.53,684.2,True,True,True,True,8,-1,3,False,True,False,False,False,,,,
2025-04-07 10:40:00,545.53,545.53,544.42,545.21,1238.989,True,True,True,True,8,-1,4,False,False,True,False,False,,,,544.42
2025-04-07 10:41:00,545.21,545.34,544.64,544.85,217.358,True,True,True,True,8,-1,5,False,False,True,False,False,,,,
2025-04-07 10:42:00,544.85,545.32,544.6,545.32,216.915,True,True,True,True,6,-1,6,False,False,True,False,False,,,,
2025-04-07 10:43:00,545.32,545.6,544.81,545.44,228.798,True,True,True,True,8,-1,7,False,False,True,False,False,,,,
2025-04-07 10:44:00,545.45,546.1,545.3,545.89,127.875,True,True,True,True,6,-1,8,False,False,True,False,False,,,,
2025-04-07 10:45:00,545.88,546.66,545.38,546.47,82.975,True,True,True,True,6,-1,9,False,False,True,False,False,,,,
2025-04-07 10:46:00,546.46,546.46,544.65,544.65,132.772,True,True,True,True,6,-1,10,False,False,True,False,False,,,,
2025-04-07 10:47:00,544.63,545.09,544.27,545.01,102.81,True,True,True,True,8,-1,11,False,False,True,False,False,,,,
2025-04-07 10:48:00,545.0,545.01,544.32,544.75,95.238,True,True,True,True,-6,-1,12,False,False,True,False,False,,,,
2025-04-07 10:49:00,544.76,544.8,544.23,544.23,89.586,True,True,True,True,-6,-1,13,False,False,True,False,False,,,,
2025-04-07 10:50:00,544.24,544.8,544.0,544.39,212.713,True,True,True,True,-4,-1,14,False,False,True,False,False,,,,
2025-04-07 10:51:00,544.39,544.43,543.84,544.43,228.041,True,True,True,True,-2,-1,15,False,False,True,False,False,,,,
2025-04-07 10:52:00,544.49,544.87,543.63,543.64,143.914,True,True,True,True,-6,-1,16,False,False,True,False,False,,,,
2025-04-07 10:53:00,543.63,543.69,542.8,542.98,289.933,True,True,True,True,-6,-1,17,False,False,True,False,False,,,,
2025-04-07 10:54:00,542.98,543.1,542.73,542.84,196.048,True,True,True,True,-6,-1,18,False,False,True,False,False,,,,
2025-04-07 10:55:00,542.83,542.83,541.62,541.62,256.821,True,True,True,True,-2,-1,19,False,False,True,False,False,,,,
2025-04-07 10:56:00,541.63,542.5,541.54,542.25,188.395,True,True,True,True,-2,-1,20,False,False,True,False,False,,,,
2025-04-07 10:57:00,542.25,542.38,541.7,541.75,399.14,True,True,True,True,-4,-1,21,False,False,True,False,False,,,,
2025-04-07 10:58:00,541.76,542.06,540.53,541.97,2795.09,True,True,True,True,-6,-1,22,False,False,True,False,False,,,,
2025-04-07 10:59:00,541.97,542.23,541.85,541.86,249.99,True,True,True,True,-4,-1,23,False,False,True,False,False,,,,
2025-04-07 11:00:00,541.86,542.51,541.5,541.83,183.945,True,True,True,True,-6,-1,24,False,False,True,False,False,,,,
2025-04-07 11:01:00,541.83,543.37,541.83,543.36,159.018,True,True,True,True,-4,-1,25,False,False,True,False,False,,,,
2025-04-07 11:02:00,543.35,543.98,543.35,543.39,165.198,True,True,True,True,-4,-1,26,False,False,True,False,False,,,,
2025-04-07 11:03:00,543.38,544.19,543.1,543.79,128.517,True,True,True,True,-6,-1,27,False,False,True,False,False,,,,
2025-04-07 11:04:00,543.79,544.27,543.49,544.19,198.93,True,True,True,True,-4,-1,28,False,False,True,False,False,,,,
2025-04-07 11:05:00,544.18,544.8,543.84,543.96,253.695,True,True,True,True,-4,-1,29,False,False,True,False,False,,,,
2025-04-07 11:06:00,543.96,543.96,543.31,543.8,263.872,True,True,True,True,-8,-1,30,False,False,True,False,False,,,,
2025-04-07 11:07:00,543.8,544.16,543.42,543.95,112.57,True,True,True,True,-6,-1,31,False,False,True,False,False,,,,
2025-04-07 11:08:00,543.95,544.69,543.94,544.48,144.028,True,True,True,True,-4,-1,32,False,False,True,False,False,,,,
2025-04-07 11:09:00,544.49,545.12,544.49,544.57,325.29,True,True,True,True,4,-1,33,False,False,True,False,False,,,,
2025-04-07 11:10:00,544.57,544.8,543.95,543.96,246.444,True,True,True,True,-4,-1,34,False,False,True,False,False,,,,
2025-04-07 11:11:00,543.96,543.96,543.45,543.73,93.264,True,True,True,True,-6,-1,35,False,False,True,False,False,,,,
2025-04-07 11:12:00,543.73,544.38,543.5,544.38,266.226,True,True,True,True,6,-1,36,False,False,True,False,False,,,,
2025-04-07 11:13:00,544.37,544.45,543.57,543.7,176.398,True,True,True,True,6,-1,37,False,False,True,False,False,,,,
2025-04-07 11:14:00,543.7,543.7,543.01,543.09,176.475,True,True,True,True,8,-1,38,False,False,True,False,False,,,,
2025-04-07 11:15:00,543.08,543.18,542.83,542.99,299.692,True,True,True,True,-2,-1,39,False,False,True,False,False,,,,
2025-04-07 11:16:00,542.99,543.1,542.03,542.42,753.444,True,True,True,True,-6,-1,40,False,False,True,False,False,,,,
2025-04-07 11:17:00,542.43,542.53,541.6,541.94,541.236,True,True,True,True,-4,-1,41,False,False,True,False,False,,,,
2025-04-07 11:18:00,541.95,542.89,541.95,542.53,205.54,True,True,True,True,-4,-1,42,False,False,True,False,False,,,,
2025-04-07 11:19:00,542.53,543.08,542.5,542.81,202.341,True,True,True,True,-4,-1,43,False,False,True,False,False,,,,
2025-04-07 11:20:00,542.81,543.37,542.54,542.71,366.489,True,True,True,True,-8,-1,44,False,False,True,False,False,,,,
2025-04-07 11:21:00,542.71,543.6,542.66,543.35,253.458,True,True,True,True,-6,-1,45,False,False,True,False,False,,,,
2025-04-07 11:22:00,543.34,543.34,542.61,542.68,270.51,True,True,True,True,-4,-1,46,False,False,True,False,False,,,,
2025-04-07 11:23:00,542.69,542.84,542.28,542.35,293.139,True,True,True,True,-6,-1,47,False,False,True,False,False,,,,
2025-04-07 11:24:00,542.35,542.49,542.08,542.08,109.115,True,True,True,True,-6,-1,48,False,False,True,False,False,,,,
2025-04-07 11:25:00,542.08,542.35,541.79,541.79,340.538,True,True,True,True,-4,-1,49,False,False,True,False,False,,,,
2025-04-07 11:26:00,541.8,542.3,541.8,542.04,194.827,True,True,True,True,-4,-1,50,False,False,True,False,False,,,,
2025-04-07 11:27:00,542.03,542.3,541.6,542.05,167.016,True,True,True,True,-4,-1,51,False,False,True,False,False,,,,
2025-04-07 11:28:00,542.09,543.11,542.09,543.08,141.629,True,True,True,True,-4,-1,52,False,False,True,False,False,,,,
2025-04-07 11:29:00,543.08,543.08,542.43,542.43,104.712,True,True,True,True,-2,-1,53,False,False,True,False,False,,,,
2025-04-07 11:30:00,542.44,542.62,541.81,541.86,198.949,True,True,True,True,-8,-1,54,False,False,True,False,False,,,,
2025-04-07 11:31:00,541.86,542.12,541.02,541.21,209.132,True,True,True,True,-6,-1,55,False,False,True,False,False,,,,
2025-04-07 11:32:00,541.21,541.3,540.5,540.8,293.057,True,True,True,True,-8,-1,56,False,False,True,False,False,,,,
2025-04-07 11:33:00,540.8,541.1,540.4,540.91,74.999,True,True,True,True,-6,-1,57,False,False,True,False,False,,,,
2025-04-07 11:34:00,540.91,540.91,539.89,540.32,994.362,True,True,True,True,-6,-1,58,False,False,True,False,False,,,,
2025-04-07 11:35:00,540.32,540.39,539.67,539.68,180.072,True,True,True,True,-6,-1,59,False,False,True,False,False,,,,
2025-04-07 11:36:00,539.68,540.0,539.58,539.64,69.706,True,True,True,True,-4,-1,60,False,False,True,False,False,,,,
2025-04-07 11:37:00,539.64,540.1,539.57,539.57,226.039,True,True,True,True,-4,-1,61,False,False,True,False,False,,,,
2025-04-07 11:38:00,539.58,539.68,538.64,538.8,403.873,True,True,True,True,-2,-1,62,False,False,True,False,False,,,,
2025-04-07 11:39:00,538.8,539.68,538.65,539.56,210.793,True,True,True,True,-8,-1,63,False,False,True,False,False,,,,
2025-04-07 11:40:00,539.56,540.4,539.5,540.09,408.478,True,True,True,True,-6,-1,64,False,False,True,False,False,,,,
2025-04-07 11:41:00,540.08,540.2,539.7,540.19,150.344,True,True,True,True,-6,-1,65,False,False,True,False,False,,,,
2025-04-07 11:42:00,540.18,540.18,539.54,539.78,131.262,True,True,True,True,-4,-1,66,False,False,True,False,False,,,,
2025-04-07 11:43:00,539.78,539.8,539.4,539.51,234.115,True,True,True,True,-4,-1,67,False,False,True,False,False,,,,
2025-04-07 11:44:00,539.51,539.7,539.41,539.45,161.197,True,True,True,True,-2,-1,68,False,False,True,False,False,,,,
2025-04-07 11:45:00,539.44,539.5,538.71,539.18,225.313,True,True,True,True,-6,-1,69,False,False,True,False,False,,,,
2025-04-07 11:46:00,539.19,540.15,539.15,540.15,169.229,True,True,True,True,-4,-1,70,False,False,True,False,False,,,,
2025-04-07 11:47:00,540.15,540.3,540.0,540.0,110.05,True,True,True,True,-4,-1,71,False,False,True,False,False,,,,
2025-04-07 11:48:00,540.0,540.04,539.4,539.59,120.774,True,True,True,True,-6,-1,72,False,False,True,False,False,,,,
2025-04-07 11:49:00,539.6,539.63,538.9,539.13,91.198,True,True,True,True,-6,-1,73,False,False,True,False,False,,,,
2025-04-07 11:50:00,539.13,539.99,539.13,539.78,157.818,True,True,True,True,-4,-1,74,False,False,True,False,False,,,,
2025-04-07 11:51:00,539.78,540.19,539.71,539.99,84.725,True,True,True,True,-4,-1,75,False,False,True,False,False,,,,
2025-04-07 11:52:00,539.99,540.27,539.7,540.27,180.965,True,True,True,True,6,-1,76,False,False,True,False,False,,,,
2025-04-07 11:53:00,540.27,540.5,540.11,540.11,479.039,True,True,True,True,6,-1,77,False,False,True,False,False,,,,
2025-04-07 11:54:00,540.11,540.18,539.79,539.85,68.066,True,True,True,True,6,-1,78,False,False,True,False,False,,,,
2025-04-07 11:55:00,539.84,540.1,539.63,540.02,267.425,True,True,True,True,8,-1,79,False,False,True,False,False,,,,
2025-04-07 11:56:00,540.01,540.2,539.8,539.85,277.999,True,True,True,True,8,-1,80,False,False,True,False,False,,,,
2025-04-07 11:57:00,539.86,540.24,539.86,540.12,107.407,True,True,True,True,8,-1,81,False,False,True,False,False,,,,
2025-04-07 11:58:00,540.11,540.12,539.6,539.76,265.522,True,True,True,True,8,-1,82,False,False,True,False,False,,,,
2025-04-07 11:59:00,539.77,540.01,539.71,540.0,42.667,True,True,True,True,8,-1,83,False,False,True,False,False,,,,
2025-04-07 12:00:00,540.01,541.29,540.01,541.17,1211.311,True,True,True,True,8,-1,84,False,False,True,False,False,,,,
2025-04-07 12:01:00,541.16,541.3,539.84,540.05,244.148,True,True,True,True,8,-1,85,False,False,True,False,False,,,,
2025-04-07 12:02:00,540.05,540.5,539.66,539.79,361.838,True,True,True,True,8,-1,86,False,False,True,False,False,,,,
2025-04-07 12:03:00,539.79,540.1,539.78,540.0,123.932,True,True,True,True,8,-1,87,False,False,True,False,False,,,,
2025-04-07 12:04:00,540.0,541.39,539.95,541.39,138.332,True,True,True,True,8,-1,88,False,False,True,False,False,,,,
2025-04-07 12:05:00,541.38,541.38,540.4,540.42,274.044,True,True,True,True,8,-1,89,False,False,True,False,False,,,,
2025-04-07 12:06:00,540.43,540.9,539.97,540.45,127.258,True,True,True,True,8,-1,90,False,False,True,False,False,,,,
2025-04-07 12:07:00,540.46,541.4,540.46,541.33,212.07,True,True,True,True,8,-1,91,False,False,True,False,False,,,,
2025-04-07 12:08:00,541.33,541.34,540.7,540.71,194.206,True,True,True,True,8,-1,92,False,False,True,False,False,,,,
2025-04-07 12:09:00,540.7,541.09,540.2,540.22,116.533,True,True,True,True,8,-1,93,False,False,True,False,False,,,,
2025-04-07 12:10:00,540.23,540.7,539.76,540.61,180.017,True,True,True,True,0,-1,94,False,False,True,False,False,,,,
2025-04-07 12:11:00,540.62,540.93,540.4,540.64,83.437,True,True,True,True,2,-1,95,False,False,True,False,False,,,,
2025-04-07 12:12:00,540.65,540.75,540.1,540.17,43.096,True,True,True,True,-2,-1,96,False,False,True,False,False,,,,
2025-04-07 12:13:00,540.18,541.39,540.18,541.08,218.921,True,True,True,True,6,-1,97,False,False,True,False,False,,,,
2025-04-07 12:14:00,541.06,541.8,541.03,541.79,114.987,True,True,True,True,8,-1,98,False,False,True,False,False,,,,
2025-04-07 12:15:00,541.8,541.8,541.03,541.27,216.238,True,True,True,True,2,-1,99,False,False,True,False,False,,,,
2025-04-07 12:16:00,541.26,542.39,541.12,542.26,242.107,True,True,True,True,8,-1,100,False,False,True,False,False,,,,
2025-04-07 12:17:00,542.25,542.25,541.34,541.41,114.931,True,True,True,True,8,-1,101,False,False,True,False,False,,,,
2025-04-07 12:18:00,541.42,541.49,540.66,541.11,196.855,True,True,True,True,8,-1,102,False,False,True,False,False,,,,
2025-04-07 12:19:00,541.12,541.5,540.49,540.59,111.682,True,True,True,True,-6,-1,103,False,False,True,False,False,,,,
2025-04-07 12:20:00,540.59,541.49,540.39,541.37,87.084,True,True,True,True,-6,-1,104,False,False,True,False,False,,,,
2025-04-07 12:21:00,541.38,541.89,541.3,541.6,72.537,True,True,True,True,-4,-1,105,False,False,True,False,False,,,,
2025-04-07 12:22:00,541.6,541.8,541.36,541.62,105.278,True,True,True,True,8,-1,106,False,False,True,False,False,,,,
2025-04-07 12:23:00,541.63,541.99,541.09,541.22,204.686,True,True,True,True,8,-1,107,False,False,True,False,False,,,,
2025-04-07 12:24:00,541.23,542.9,541.23,542.81,520.097,True,True,True,True,8,-1,108,False,False,True,False,False,,,,
2025-04-07 12:25:00,542.8,544.35,542.8,544.33,530.769,True,True,True,True,8,1,0,False,False,True,True,False,542.8,,,
2025-04-07 12:26:00,544.34,546.22,544.34,544.89,903.113,True,True,True,True,6,1,1,False,False,True,False,False,,,,
2025-04-07 12:27:00,544.88,544.97,544.1,544.86,547.778,True,True,True,True,6,1,2,False,False,True,False,False,,,,
2025-04-07 12:28:00,544.87,546.57,544.87,546.3,1163.329,True,True,True,True,8,1,3,False,False,True,False,False,,,,
2025-04-07 12:29:00,546.3,547.95,546.26,547.6,1462.163,True,True,True,True,8,1,4,False,True,False,False,False,,,547.95,
2025-04-07 12:30:00,547.58,549.32,547.27,548.8,1017.668,True,True,True,True,8,1,5,False,True,False,False,False,,,,
2025-04-07 12:31:00,548.79,549.08,547.1,547.3,700.008,True,True,True,True,8,1,6,False,True,False,False,False,,,,
2025-04-07 12:32:00,547.3,547.99,546.88,547.25,633.242,True,True,True,True,8,1,7,False,True,False,False,False,,,,
2025-04-07 12:33:00,547.23,548.0,546.88,547.29,523.019,True,True,True,True,8,1,8,False,True,False,False,False,,,,
2025-04-07 12:34:00,547.26,547.4,546.0,546.07,410.292,True,True,True,True,8,1,9,False,True,False,False,False,,,,
2025-04-07 12:35:00,546.06,547.28,545.52,547.19,1797.828,True,True,True,True,8,1,10,False,True,False,False,False,,,,
2025-04-07 12:36:00,547.19,547.6,546.71,547.2,189.711,True,True,True,True,8,1,11,False,True,False,False,False,,,,
2025-04-07 12:37:00,547.2,547.59,546.71,546.81,163.122,True,True,True,True,8,1,12,False,True,False,False,False,,,,
2025-04-07 12:38:00,546.8,546.89,545.49,546.02,243.443,True,True,True,True,8,1,13,False,True,False,False,False,,,,
2025-04-07 12:39:00,546.02,546.02,545.6,545.87,227.557,True,True,True,True,8,1,14,False,True,False,False,False,,,,
2025-04-07 12:40:00,545.87,545.87,544.5,544.67,232.854,True,True,True,True,8,1,15,False,True,False,False,False,,,,
2025-04-07 12:41:00,544.67,545.15,544.54,545.14,96.581,True,True,True,True,8,1,16,False,True,False,False,False,,,,
2025-04-07 12:42:00,545.14,545.15,544.02,544.2,143.675,True,True,True,True,8,1,17,False,True,False,False,False,,,,
2025-04-07 12:43:00,544.21,545.22,544.21,544.79,683.313,True,True,True,True,2,1,18,False,True,False,False,False,,,,
2025-04-07 12:44:00,544.8,545.0,544.51,544.7,57.179,True,True,True,True,-6,1,19,False,True,False,False,False,,,,
2025-04-07 12:45:00,544.7,544.7,543.13,543.3,328.225,True,True,True,True,-6,-1,0,False,True,False,False,True,,544.7,,
2025-04-07 12:46:00,543.3,544.06,543.3,543.94,174.469,True,True,True,True,-4,-1,1,False,True,False,False,False,,,,
2025-04-07 12:47:00,543.95,544.32,543.41,544.29,199.791,True,True,True,True,-2,-1,2,False,True,False,False,False,,,,
2025-04-07 12:48:00,544.29,545.4,544.21,545.4,162.472,True,True,True,True,8,-1,3,False,True,False,False,False,,,,
2025-04-07 12:49:00,545.4,547.49,545.4,546.66,704.629,True,True,True,True,6,1,0,False,False,True,True,False,545.4,,,545.4
2025-04-07 12:50:00,546.66,548.3,546.52,547.96,574.418,True,True,True,True,8,1,1,False,False,True,False,False,,,,
2025-04-07 12:51:00,547.97,548.47,547.14,547.29,514.836,True,True,True,True,8,1,2,False,False,True,False,False,,,,
2025-04-07 12:52:00,547.3,548.22,547.3,547.9,240.2,True,True,True,True,8,1,3,False,False,True,False,False,,,,
2025-04-07 12:53:00,547.89,548.58,547.5,548.31,246.437,True,True,True,True,8,1,4,False,True,False,False,False,,,548.58,
2025-04-07 12:54:00,548.32,548.61,547.9,548.61,546.073,True,True,True,True,8,1,5,False,True,False,False,False,,,,
2025-04-07 12:55:00,548.62,549.8,548.62,549.71,1057.284,True,True,True,True,8,1,6,False,True,False,False,False,,,,
2025-04-07 12:56:00,549.71,549.99,549.01,549.22,484.802,True,True,True,True,8,1,7,False,True,False,False,False,,,,
2025-04-07 12:57:00,549.22,549.8,549.13,549.17,261.29,True,True,True,True,8,1,8,False,True,False,False,False,,,,
2025-04-07 12:58:00,549.18,549.58,548.12,548.17,178.577,True,True,True,True,8,1,9,False,True,False,False,False,,,,
2025-04-07 12:59:00,548.17,548.18,547.47,548.05,259.321,True,True,True,True,4,1,10,False,True,False,False,False,,,,
2025-04-07 13:00:00,548.04,548.04,547.18,547.43,238.303,True,True,True,True,6,1,11,False,True,False,False,False,,,,
2025-04-07 13:01:00,547.43,548.56,547.28,548.26,112.512,True,True,True,True,6,1,12,False,True,False,False,False,,,,
2025-04-07 13:02:00,548.26,548.32,547.64,548.16,179.998,True,True,True,True,8,1,13,False,True,False,False,False,,,,
2025-04-07 13:03:00,548.17,548.98,547.87,548.08,277.727,True,True,True,True,8,1,14,False,True,False,False,False,,,,
2025-04-07 13:04:00,548.08,548.95,548.08,548.51,239.459,True,True,True,True,8,1,15,False,True,False,False,False,,,,
2025-04-07 13:05:00,548.51,549.1,548.29,548.91,127.479,True,True,True,True,8,1,16,False,True,False,False,False,,,,
2025-04-07 13:06:00,548.9,549.6,547.6,547.74,285.736,True,True,True,True,8,1,17,False,True,False,False,False,,,,
2025-04-07 13:07:00,547.74,547.82,546.6,547.2,159.454,True,True,True,True,8,1,18,False,True,False,False,False,,,,
2025-04-07 13:08:00,547.19,547.57,547.02,547.57,136.392,True,True,True,True,8,1,19,False,True,False,False,False,,,,
2025-04-07 13:09:00,547.57,548.32,547.54,547.92,158.4,True,True,True,True,8,1,20,False,True,False,False,False,,,,
2025-04-07 13:10:00,547.92,547.97,546.7,546.7,154.378,True,True,True,True,-2,1,21,False,True,False,False,False,,,,
2025-04-07 13:11:00,546.71,548.04,546.65,547.6,267.861,True,True,True,True,-2,1,22,False,True,False,False,False,,,,
2025-04-07 13:12:00,547.61,547.8,546.86,546.98,91.002,True,True,True,True,-2,1,23,False,True,False,False,False,,,,
2025-04-07 13:13:00,546.98,547.21,546.4,546.52,124.295,True,True,True,True,-4,1,24,False,True,False,False,False,,,,
2025-04-07 13:14:00,546.5,546.64,546.03,546.27,521.047,True,True,True,True,-6,1,25,False,True,False,False,False,,,,
2025-04-07 13:15:00,546.28,546.68,545.51,545.67,260.239,True,True,True,True,-4,-1,0,False,True,False,False,True,,546.68,,
2025-04-07 13:16:00,545.66,545.77,545.15,545.24,186.601,True,True,True,True,-4,-1,1,False,True,False,False,False,,,,
2025-04-07 13:17:00,545.23,545.27,544.86,544.89,229.697,True,True,True,True,-4,-1,2,False,True,False,False,False,,,,
2025-04-07 13:18:00,544.89,545.03,544.64,544.95,100.751,True,True,True,True,-4,-1,3,False,True,False,False,False,,,,
2025-04-07 13:19:00,544.95,546.0,544.4,545.85,132.396,True,True,True,True,-2,-1,4,False,False,True,False,False,,,,544.4
2025-04-07 13:20:00,545.84,545.89,545.47,545.88,69.273,True,True,True,True,-4,-1,5,False,False,True,False,False,,,,
2025-04-07 13:21:00,545.88,546.5,545.84,545.9,444.169,True,True,True,True,-2,-1,6,False,False,True,False,False,,,,
2025-04-07 13:22:00,545.89,546.94,545.84,546.13,180.546,True,True,True,True,-2,-1,7,False,False,True,False,False,,,,
2025-04-07 13:23:00,546.14,551.0,546.14,549.67,5489.407,True,True,True,True,8,1,0,False,False,True,True,False,546.14,,,
2025-04-07 13:24:00,549.69,550.04,547.41,547.55,1260.367,True,True,True,True,8,1,1,False,False,True,False,False,,,,
2025-04-07 13:25:00,547.55,547.6,546.46,546.92,929.485,True,True,True,True,8,1,2,False,False,True,False,False,,,,
2025-04-07 13:26:00,546.93,547.1,546.38,546.92,332.684,True,True,True,True,8,1,3,False,False,True,False,False,,,,
2025-04-07 13:27:00,546.91,547.09,545.58,545.79,540.637,True,True,True,True,8,1,4,False,True,False,False,False,,,547.09,
2025-04-07 13:28:00,545.79,546.34,544.64,544.71,1304.878,True,True,True,True,2,1,5,False,True,False,False,False,,,,
2025-04-07 13:29:00,544.71,545.09,543.63,544.52,937.485,True,True,True,True,-4,-1,0,False,True,False,False,True,,545.09,,
2025-04-07 13:30:00,544.53,544.57,542.89,543.85,388.811,True,True,True,True,-4,-1,1,False,True,False,False,False,,,,
2025-04-07 13:31:00,543.87,547.0,543.8,547.0,658.645,True,True,True,True,-4,-1,2,False,True,False,False,False,,,,
2025-04-07 13:32:00,547.0,548.25,545.3,545.34,1690.301,True,True,True,True,2,-1,3,False,True,False,False,False,,,,
2025-04-07 13:33:00,545.34,547.28,545.14,546.61,652.008,True,True,True,True,8,-1,4,False,False,True,False,False,,,,545.14
2025-04-07 13:34:00,546.61,546.93,545.14,546.15,515.437,True,True,True,True,8,-1,5,False,False,True,False,False,,,,
2025-04-07 13:35:00,546.15,546.28,544.0,544.48,565.248,True,True,True,True,8,-1,6,False,False,True,False,False,,,,
2025-04-07 13:36:00,544.48,544.63,542.94,543.13,491.768,True,True,True,True,-6,-1,7,False,False,True,False,False,,,,
2025-04-07 13:37:00,543.16,544.17,542.79,543.77,418.296,True,True,True,True,-6,-1,8,False,False,True,False,False,,,,
2025-04-07 13:38:00,543.77,543.94,542.0,542.15,368.126,True,True,True,True,-6,-1,9,False,False,True,False,False,,,,
2025-04-07 13:39:00,542.16,543.69,542.16,543.24,333.135,True,True,True,True,-4,-1,10,False,False,True,False,False,,,,
2025-04-07 13:40:00,543.24,543.9,541.65,541.88,614.497,True,True,True,True,-2,-1,11,False,False,True,False,False,,,,
2025-04-07 13:41:00,541.88,542.58,541.7,541.9,471.31,True,True,True,True,-8,-1,12,False,False,True,False,False,,,,
2025-04-07 13:42:00,541.85,541.86,540.95,541.21,370.284,True,True,True,True,-6,-1,13,False,False,True,False,False,,,,
2025-04-07 13:43:00,541.23,541.63,540.43,540.78,510.038,True,True,True,True,-4,-1,14,False,False,True,False,False,,,,
2025-04-07 13:44:00,540.78,541.41,540.04,541.26,2737.286,True,True,True,True,-8,-1,15,False,False,True,False,False,,,,
2025-04-07 13:45:00,541.3,541.4,540.28,540.49,267.716,True,True,True,True,-6,-1,16,False,False,True,False,False,,,,
2025-04-07 13:46:00,540.49,543.14,540.18,543.14,679.095,True,True,True,True,-6,-1,17,False,False,True,False,False,,,,
2025-04-07 13:47:00,543.14,545.24,543.14,544.57,689.591,True,True,True,True,-4,-1,18,False,False,True,False,False,,,,
2025-04-07 13:48:00,544.58,545.5,544.0,544.94,577.028,True,True,True,True,-4,-1,19,False,False,True,False,False,,,,
2025-04-07 13:49:00,544.93,546.14,544.62,545.0,230.195,True,True,True,True,-4,-1,20,False,False,True,False,False,,,,
2025-04-07 13:50:00,544.99,547.0,544.71,546.57,463.153,True,True,True,True,-4,-1,21,False,False,True,False,False,,,,
2025-04-07 13:51:00,546.57,552.22,546.53,552.22,3583.72,True,True,True,True,8,1,0,False,False,True,True,False,546.53,,,
2025-04-07 13:52:00,552.22,555.7,551.69,551.72,6229.315,True,True,True,True,8,1,1,False,False,True,False,False,,,,
2025-04-07 13:53:00,551.75,553.17,551.05,552.79,1536.334,True,True,True,True,8,1,2,False,False,True,False,False,,,,
2025-04-07 13:54:00,552.8,554.44,551.93,553.58,3444.147,True,True,True,True,8,1,3,False,False,True,False,False,,,,
2025-04-07 13:55:00,553.58,555.08,553.1,553.9,1648.862,True,True,True,True,8,1,4,False,True,False,False,False,,,555.08,
2025-04-07 13:56:00,553.9,555.1,553.26,554.43,1864.079,True,True,True,True,8,1,5,False,True,False,False,False,,,,
2025-04-07 13:57:00,554.43,556.79,554.24,554.95,2532.329,True,True,True,True,8,1,6,False,True,False,False,False,,,,
2025-04-07 13:58:00,554.94,555.67,553.98,555.67,778.601,True,True,True,True,8,1,7,False,True,False,False,False,,,,
2025-04-07 13:59:00,555.67,556.38,555.11,555.21,613.527,True,True,True,True,8,1,8,False,True,False,False,False,,,,
2025-04-07 14:00:00,555.22,557.44,554.7,556.62,1163.643,True,True,True,True,6,1,9,False,True,False,False,False,,,,
2025-04-07 14:01:00,556.62,556.8,554.16,554.9,824.962,True,True,True,True,6,1,10,False,True,False,False,False,,,,
2025-04-07 14:02:00,554.9,555.13,553.4,553.54,924.222,True,True,True,True,6,1,11,False,True,False,False,False,,,,
2025-04-07 14:03:00,553.55,555.3,552.97,553.98,854.319,True,True,True,True,4,1,12,False,True,False,False,False,,,,
2025-04-07 14:04:00,553.98,555.0,553.54,553.94,797.64,True,True,True,True,4,1,13,False,True,False,False,False,,,,
2025-04-07 14:05:00,553.94,556.2,553.6,555.67,956.157,True,True,True,True,8,1,14,False,True,False,False,False,,,,
2025-04-07 14:06:00,555.69,556.79,555.61,555.85,674.26,True,True,True,True,6,1,15,False,True,False,False,False,,,,
2025-04-07 14:07:00,555.84,556.4,554.93,555.0,569.074,True,True,True,True,6,1,16,False,True,False,False,False,,,,
2025-04-07 14:08:00,554.93,556.49,554.39,556.26,447.863,True,True,True,True,6,1,17,False,True,False,False,False,,,,
2025-04-07 14:09:00,556.25,556.39,555.2,556.15,520.043,True,True,True,True,6,1,18,False,True,False,False,False,,,,
2025-04-07 14:10:00,556.14,559.7,556.04,559.2,1668.348,True,True,True,True,8,1,19,False,True,False,False,False,,,,
2025-04-07 14:11:00,559.2,562.69,559.2,561.44,5312.258,True,True,True,True,8,1,20,False,True,False,False,False,,,,
2025-04-07 14:12:00,561.43,562.03,559.76,561.71,1995.085,True,True,True,True,8,1,21,False,True,False,False,False,,,,
2025-04-07 14:13:00,561.71,563.7,561.69,563.06,2385.613,True,True,True,True,8,1,22,False,True,False,False,False,,,,
2025-04-07 14:14:00,563.05,563.29,560.58,561.79,2955.076,True,True,True,True,8,1,23,False,True,False,False,False,,,,
2025-04-07 14:15:00,561.78,563.34,561.21,562.65,4272.266,True,True,True,True,8,1,24,False,True,False,False,False,,,,
2025-04-07 14:16:00,562.66,564.74,562.2,563.43,4556.994,True,True,True,True,8,1,25,False,True,False,False,False,,,,
2025-04-07 14:17:00,563.42,567.6,563.07,566.73,6072.523,True,True,True,True,8,1,26,False,True,False,False,False,,,,
2025-04-07 14:18:00,566.73,566.73,561.92,563.34,3124.125,True,True,True,True,8,1,27,False,True,False,False,False,,,,
2025-04-07 14:19:00,563.33,563.42,561.1,561.69,2574.549,True,True,True,True,8,1,28,False,True,False,False,False,,,,
2025-04-07 14:20:00,561.68,561.75,558.66,558.82,2470.668,True,True,True,True,4,1,29,False,True,False,False,False,,,,
2025-04-07 14:21:00,558.75,561.86,558.51,560.52,1919.352,True,True,True,True,8,1,30,False,True,False,False,False,,,,
2025-04-07 14:22:00,560.51,560.76,558.64,559.02,3290.768,True,True,True,True,8,1,31,False,True,False,False,False,,,,
2025-04-07 14:23:00,559.02,559.17,554.26,555.88,4265.348,True,True,True,True,8,1,32,False,True,False,False,False,,,,
2025-04-07 14:24:00,555.88,556.71,552.9,555.07,2248.122,True,True,True,True,-6,-1,0,False,True,False,False,True,,556.71,,
2025-04-07 14:25:00,555.24,557.1,554.35,556.04,1280.301,True,True,True,True,-6,-1,1,False,True,False,False,False,,,,
2025-04-07 14:26:00,555.98,558.72,555.59,558.65,1307.829,True,True,True,True,-4,-1,2,False,True,False,False,False,,,,
2025-04-07 14:27:00,558.64,558.64,554.72,555.94,1234.366,True,True,True,True,-2,-1,3,False,True,False,False,False,,,,
2025-04-07 14:28:00,555.94,556.03,552.66,552.94,1476.718,True,True,True,True,-4,-1,4,False,False,True,False,False,,,,552.66
2025-04-07 14:29:00,552.95,554.4,551.63,553.14,1247.074,True,True,True,True,-4,-1,5,False,False,True,False,False,,,,
2025-04-07 14:30:00,553.09,555.0,552.22,553.49,1475.688,True,True,True,True,-4,-1,6,False,False,True,False,False,,,,
2025-04-07 14:31:00,553.49,556.88,552.95,556.74,750.391,True,True,True,True,-4,-1,7,False,False,True,False,False,,,,
2025-04-07 14:32:00,556.71,558.2,556.23,558.1,989.592,True,True,True,True,-4,-1,8,False,False,True,False,False,,,,
2025-04-07 14:33:00,558.01,561.35,556.94,559.7,2455.779,True,True,True,True,-2,-1,9,False,False,True,False,False,,,,
2025-04-07 14:34:00,559.7,559.7,554.29,554.3,2529.323,True,True,True,True,-4,-1,10,False,False,True,False,False,,,,
2025-04-07 14:35:00,554.31,555.36,552.37,553.21,1633.307,True,True,True,True,-4,-1,11,False,False,True,False,False,,,,
2025-04-07 14:36:00,553.2,553.76,551.28,552.47,1446.279,True,True,True,True,-8,-1,12,False,False,True,False,False,,,,
2025-04-07 14:37:00,552.45,554.25,552.34,552.41,2007.193,True,True,True,True,-6,-1,13,False,False,True,False,False,,,,
2025-04-07 14:38:00,552.4,553.38,550.74,551.4,1703.822,True,True,True,True,-4,-1,14,False,False,True,False,False,,,,
2025-04-07 14:39:00,551.36,552.38,550.86,550.86,465.785,True,True,True,True,-8,-1,15,False,False,True,False,False,,,,
2025-04-07 14:40:00,550.84,552.86,550.71,552.38,825.992,True,True,True,True,-6,-1,16,False,False,True,False,False,,,,
2025-04-07 14:41:00,552.37,552.57,550.84,551.76,703.782,True,True,True,True,-4,-1,17,False,False,True,False,False,,,,
2025-04-07 14:42:00,551.74,553.44,551.41,552.75,744.085,True,True,True,True,-6,-1,18,False,False,True,False,False,,,,
2025-04-07 14:43:00,552.8,553.5,551.56,553.21,731.985,True,True,True,True,-4,-1,19,False,False,True,False,False,,,,
2025-04-07 14:44:00,553.23,555.24,552.8,554.59,1049.836,True,True,True,True,2,-1,20,False,False,True,False,False,,,,
2025-04-07 14:45:00,554.58,556.97,554.27,556.28,1542.992,True,True,True,True,6,1,0,False,False,True,True,False,554.27,,,
2025-04-07 14:46:00,556.28,556.48,553.62,554.08,718.949,True,True,True,True,6,1,1,False,False,True,False,False,,,,
2025-04-07 14:47:00,553.98,554.92,552.42,554.0,603.823,True,True,True,True,8,1,2,False,False,True,False,False,,,,
2025-04-07 14:48:00,554.0,554.54,553.11,553.92,437.154,True,True,True,True,6,1,3,False,False,True,False,False,,,,
2025-04-07 14:49:00,553.91,554.82,553.8,554.7,386.062,True,True,True,True,8,1,4,False,True,False,False,False,,,554.82,
2025-04-07 14:50:00,554.71,556.14,554.18,555.84,734.262,True,True,True,True,6,1,5,False,True,False,False,False,,,,
2025-04-07 14:51:00,555.85,556.65,554.97,556.36,432.164,True,True,True,True,8,1,6,False,True,False,False,False,,,,
2025-04-07 14:52:00,556.36,556.59,555.08,555.43,513.085,True,True,True,True,8,1,7,False,True,False,False,False,,,,
2025-04-07 14:53:00,555.44,556.92,555.26,556.17,760.142,True,True,True,True,8,1,8,False,True,False,False,False,,,,
2025-04-07 14:54:00,556.17,557.59,556.17,557.1,556.89,True,True,True,True,8,1,9,False,True,False,False,False,,,,
2025-04-07 14:55:00,557.1,557.47,556.25,556.35,575.005,True,True,True,True,8,1,10,False,True,False,False,False,,,,
2025-04-07 14:56:00,556.36,556.38,554.28,555.3,1543.294,True,True,True,True,8,1,11,False,True,False,False,False,,,,
2025-04-07 14:57:00,555.31,555.66,554.41,555.02,773.627,True,True,True,True,8,1,12,False,True,False,False,False,,,,
2025-04-07 14:58:00,555.02,555.52,554.74,555.2,426.758,True,True,True,True,8,1,13,False,True,False,False,False,,,,
2025-04-07 14:59:00,555.2,556.34,555.15,555.87,829.542,True,True,True,True,8,1,14,False,True,False,False,False,,,,
2025-04-07 15:00:00,555.88,556.85,555.29,556.48,866.482,True,True,True,True,8,1,15,False,True,False,False,False,,,,
2025-04-07 15:01:00,556.49,559.05,556.49,558.49,4483.783,True,True,True,True,8,1,16,False,True,False,False,False,,,,
2025-04-07 15:02:00,558.5,559.0,557.77,558.56,602.418,True,True,True,True,8,1,17,False,True,False,False,False,,,,
2025-04-07 15:03:00,558.57,558.63,557.85,558.33,526.643,True,True,True,True,8,1,18,False,True,False,False,False,,,,
2025-04-07 15:04:00,558.34,558.41,556.12,556.56,626.58,True,True,True,True,8,1,19,False,True,False,False,False,,,,
2025-04-07 15:05:00,556.56,556.56,554.16,554.16,657.672,True,True,True,True,2,1,20,False,True,False,False,False,,,,
2025-04-07 15:06:00,554.17,555.54,553.95,553.98,883.57,True,True,True,True,2,1,21,False,True,False,False,False,,,,
2025-04-07 15:07:00,553.96,554.35,553.24,553.53,540.189,True,True,True,True,-8,1,22,False,True,False,False,False,,,,
2025-04-07 15:08:00,553.52,553.69,552.67,552.95,1464.668,True,True,True,True,-8,1,23,False,True,False,False,False,,,,
2025-04-07 15:09:00,552.95,553.09,552.17,552.66,718.908,True,True,True,True,-6,1,24,False,True,False,False,False,,,,
2025-04-07 15:10:00,552.66,554.3,552.12,554.04,416.112,True,True,True,True,-4,1,25,False,True,False,False,False,,,,
2025-04-07 15:11:00,554.01,554.74,553.6,554.47,525.591,True,True,True,True,-2,1,26,False,True,False,False,False,,,,
2025-04-07 15:12:00,554.5,554.6,553.48,553.93,287.82,True,True,True,True,8,1,27,False,True,False,False,False,,,,
2025-04-07 15:13:00,553.95,555.4,553.76,554.98,435.382,True,True,True,True,8,1,28,False,True,False,False,False,,,,
2025-04-07 15:14:00,554.95,555.35,551.2,551.29,2044.937,True,True,True,True,-6,1,29,False,True,False,False,False,,,,
2025-04-07 15:15:00,551.3,552.44,549.76,551.68,2422.355,True,True,True,True,-8,-1,0,False,True,False,False,True,,552.44,,
2025-04-07 15:16:00,551.69,551.84,549.09,551.2,1876.106,True,True,True,True,-6,-1,1,False,True,False,False,False,,,,
2025-04-07 15:17:00,551.17,553.34,550.29,552.33,1653.873,True,True,True,True,-4,-1,2,False,True,False,False,False,,,,
2025-04-07 15:18:00,552.33,552.68,550.92,552.59,781.218,True,True,True,True,-2,-1,3,False,True,False,False,False,,,,
2025-04-07 15:19:00,552.57,553.29,552.2,552.63,822.487,True,True,True,True,-8,-1,4,False,False,True,False,False,,,,552.2
2025-04-07 15:20:00,552.61,554.19,552.18,554.04,567.04,True,True,True,True,-6,-1,5,False,False,True,False,False,,,,
2025-04-07 15:21:00,554.03,554.24,552.5,553.55,668.474,True,True,True,True,-6,-1,6,False,False,True,False,False,,,,
2025-04-07 15:22:00,553.6,553.65,551.96,552.8,482.583,True,True,True,True,-6,-1,7,False,False,True,False,False,,,,
2025-04-07 15:23:00,552.8,552.97,551.31,551.68,374.845,True,True,True,True,-8,-1,8,False,False,True,False,False,,,,
2025-04-07 15:24:00,551.76,551.77,550.33,550.48,392.563,True,True,True,True,-8,-1,9,False,False,True,False,False,,,,
2025-04-07 15:25:00,550.5,551.53,550.5,550.92,324.164,True,True,True,True,-6,-1,10,False,False,True,False,False,,,,
2025-04-07 15:26:00,550.96,551.55,549.5,549.59,443.435,True,True,True,True,-4,-1,11,False,False,True,False,False,,,,
2025-04-07 15:27:00,549.58,550.57,549.36,550.15,289.21,True,True,True,True,-8,-1,12,False,False,True,False,False,,,,
2025-04-07 15:28:00,550.14,551.19,549.91,550.54,282.407,True,True,True,True,-6,-1,13,False,False,True,False,False,,,,
2025-04-07 15:29:00,550.53,550.53,549.35,549.45,707.987,True,True,True,True,-4,-1,14,False,False,True,False,False,,,,
2025-04-07 15:30:00,549.45,550.89,549.41,550.68,517.999,True,True,True,True,2,-1,15,False,False,True,False,False,,,,
2025-04-07 15:31:00,550.69,551.31,549.98,551.01,505.775,True,True,True,True,-4,-1,16,False,False,True,False,False,,,,
2025-04-07 15:32:00,551.01,551.27,550.51,551.14,248.025,True,True,True,True,-6,-1,17,False,False,True,False,False,,,,
2025-04-07 15:33:00,551.14,551.85,550.82,550.82,386.188,True,True,True,True,-6,-1,18,False,False,True,False,False,,,,
2025-04-07 15:34:00,550.82,551.39,550.5,551.06,259.675,True,True,True,True,-6,-1,19,False,False,True,False,False,,,,
2025-04-07 15:35:00,551.15,552.45,551.14,551.78,428.137,True,True,True,True,-4,-1,20,False,False,True,False,False,,,,
2025-04-07 15:36:00,551.8,553.1,551.5,552.25,384.632,True,True,True,True,6,-1,21,False,False,True,False,False,,,,
2025-04-07 15:37:00,552.27,552.72,551.58,552.63,283.424,True,True,True,True,8,-1,22,False,False,True,False,False,,,,
2025-04-07 15:38:00,552.62,554.22,552.33,553.38,567.693,True,True,True,True,8,1,0,False,False,True,True,False,552.33,,,
2025-04-07 15:39:00,553.38,553.47,552.06,552.06,243.179,True,True,True,True,8,1,1,False,False,True,False,False,,,,
2025-04-07 15:40:00,552.05,553.78,551.92,553.49,600.749,True,True,True,True,8,1,2,False,False,True,False,False,,,,
2025-04-07 15:41:00,553.49,554.23,553.21,554.16,293.67,True,True,True,True,8,1,3,False,False,True,False,False,,,,
2025-04-07 15:42:00,554.16,554.56,552.61,552.61,1022.602,True,True,True,True,8,1,4,False,True,False,False,False,,,554.56,
2025-04-07 15:43:00,552.61,554.0,552.61,553.65,293.605,True,True,True,True,8,1,5,False,True,False,False,False,,,,
2025-04-07 15:44:00,553.66,554.4,553.41,553.98,293.731,True,True,True,True,8,1,6,False,True,False,False,False,,,,
2025-04-07 15:45:00,553.97,554.15,552.79,552.98,163.122,True,True,True,True,8,1,7,False,True,False,False,False,,,,
2025-04-07 15:46:00,552.98,553.08,552.4,552.43,204.005,True,True,True,True,8,1,8,False,True,False,False,False,,,,
2025-04-07 15:47:00,552.43,553.2,552.43,553.02,40.236,True,True,True,True,8,1,9,False,True,False,False,False,,,,
2025-04-07 15:48:00,553.03,553.4,552.8,553.36,128.737,True,True,True,True,8,1,10,False,True,False,False,False,,,,
2025-04-07 15:49:00,553.36,554.0,553.28,553.61,145.12,True,True,True,True,8,1,11,False,True,False,False,False,,,,
2025-04-07 15:50:00,553.61,554.6,553.61,553.81,124.567,True,True,True,True,8,1,12,False,True,False,False,False,,,,
2025-04-07 15:51:00,553.81,553.9,552.96,552.97,118.39,True,True,True,True,8,1,13,False,True,False,False,False,,,,
2025-04-07 15:52:00,552.96,553.39,552.81,553.09,92.29,True,True,True,True,8,1,14,False,True,False,False,False,,,,
2025-04-07 15:53:00,553.09,553.09,551.94,552.01,270.546,True,True,True,True,-6,1,15,False,True,False,False,False,,,,
2025-04-07 15:54:00,552.0,552.4,551.8,551.91,136.036,True,True,True,True,-8,1,16,False,True,False,False,False,,,,
2025-04-07 15:55:00,551.91,552.79,551.91,552.31,101.301,True,True,True,True,-6,1,17,False,True,False,False,False,,,,
2025-04-07 15:56:00,552.31,553.14,552.21,552.93,100.623,True,True,True,True,-4,1,18,False,True,False,False,False,,,,
2025-04-07 15:57:00,552.93,553.15,552.4,552.44,43.653,True,True,True,True,-6,1,19,False,True,False,False,False,,,,
2025-04-07 15:58:00,552.42,552.6,551.82,552.21,219.667,True,True,True,True,-8,1,20,False,True,False,False,False,,,,
2025-04-07 15:59:00,552.22,552.4,551.91,552.01,74.103,True,True,True,True,-6,1,21,False,True,False,False,False,,,,
2025-04-07 16:00:00,552.0,552.25,551.41,552.25,239.938,True,True,True,True,-4,1,22,False,True,False,False,False,,,,
2025-04-07 16:01:00,552.27,552.53,551.26,551.28,166.028,True,True,True,True,-8,1,23,False,True,False,False,False,,,,
2025-04-07 16:02:00,551.28,552.27,551.28,552.06,141.396,True,True,True,True,-6,1,24,False,True,False,False,False,,,,
2025-04-07 16:03:00,552.06,552.13,551.5,552.06,199.809,True,True,True,True,-4,1,25,False,True,False,False,False,,,,
2025-04-07 16:04:00,551.96,552.98,551.81,552.83,108.864,True,True,True,True,-6,1,26,False,True,False,False,False,,,,
2025-04-07 16:05:00,552.82,552.95,552.14,552.39,276.945,True,True,True,True,-6,1,27,False,True,False,False,False,,,,
2025-04-07 16:06:00,552.3,552.54,551.54,551.77,119.348,True,True,True,True,-6,1,28,False,True,False,False,False,,,,
2025-04-07 16:07:00,551.77,552.46,551.65,552.23,82.217,True,True,True,True,-4,1,29,False,True,False,False,False,,,,
2025-04-07 16:08:00,552.23,552.27,551.08,551.47,405.122,True,True,True,True,-6,1,30,False,True,False,False,False,,,,
2025-04-07 16:09:00,551.49,551.75,551.14,551.7,125.291,True,True,True,True,-6,1,31,False,True,False,False,False,,,,
2025-04-07 16:10:00,551.66,551.66,550.22,550.27,199.727,True,True,True,True,-8,-1,0,False,True,False,False,True,,551.66,,
2025-04-07 16:11:00,550.28,551.32,550.23,551.09,189.169,True,True,True,True,-6,-1,1,False,True,False,False,False,,,,
2025-04-07 16:12:00,551.09,551.38,550.9,551.1,54.185,True,True,True,True,-4,-1,2,False,True,False,False,False,,,,
2025-04-07 16:13:00,551.09,552.53,551.07,552.25,102.429,True,True,True,True,-6,-1,3,False,True,False,False,False,,,,
2025-04-07 16:14:00,552.26,552.26,551.7,551.98,33.552,True,True,True,True,-6,-1,4,False,False,True,False,False,,,,551.7
2025-04-07 16:15:00,551.97,552.45,551.72,551.73,76.117,True,True,True,True,-4,-1,5,False,False,True,False,False,,,,
2025-04-07 16:16:00,551.72,552.15,551.15,551.32,162.377,True,True,True,True,-8,-1,6,False,False,True,False,False,,,,
2025-04-07 16:17:00,551.32,551.7,550.85,550.98,185.763,True,True,True,True,-8,-1,7,False,False,True,False,False,,,,
2025-04-07 16:18:00,550.98,550.98,549.39,549.81,515.855,True,True,True,True,-8,-1,8,False,False,True,False,False,,,,
2025-04-07 16:19:00,549.82,550.9,549.75,550.64,3815.092,True,True,True,True,-6,-1,9,False,False,True,False,False,,,,
2025-04-07 16:20:00,550.64,550.71,549.2,549.48,259.821,True,True,True,True,-4,-1,10,False,False,True,False,False,,,,
2025-04-07 16:21:00,549.47,549.99,548.06,548.3,238.743,True,True,True,True,-6,-1,11,False,False,True,False,False,,,,
2025-04-07 16:22:00,548.3,548.4,547.68,548.12,498.069,True,True,True,True,-6,-1,12,False,False,True,False,False,,,,
2025-04-07 16:23:00,548.11,548.11,547.33,548.02,152.442,True,True,True,True,-4,-1,13,False,False,True,False,False,,,,
2025-04-07 16:24:00,548.02,549.3,547.81,549.0,250.849,True,True,True,True,4,-1,14,False,False,True,False,False,,,,
2025-04-07 16:25:00,549.01,550.2,549.01,550.18,255.598,True,True,True,True,6,-1,15,False,False,True,False,False,,,,
2025-04-07 16:26:00,550.18,550.82,549.7,550.76,122.964,True,True,True,True,6,-1,16,False,False,True,False,False,,,,
2025-04-07 16:27:00,550.76,551.17,550.15,550.26,125.186,True,True,True,True,8,-1,17,False,False,True,False,False,,,,
2025-04-07 16:28:00,550.27,550.87,550.04,550.7,102.753,True,True,True,True,8,-1,18,False,False,True,False,False,,,,
2025-04-07 16:29:00,550.71,551.04,550.4,550.99,117.09,True,True,True,True,8,-1,19,False,False,True,False,False,,,,
2025-04-07 16:30:00,550.99,551.79,550.64,551.67,232.304,True,True,True,True,8,1,0,False,False,True,True,False,550.64,,,
2025-04-07 16:31:00,551.68,552.35,551.49,552.35,146.69,True,True,True,True,8,1,1,False,False,True,False,False,,,,
2025-04-07 16:32:00,552.36,552.36,551.61,551.98,109.083,True,True,True,True,8,1,2,False,False,True,False,False,,,,
2025-04-07 16:33:00,551.98,552.69,551.9,552.0,163.537,True,True,True,True,8,1,3,False,False,True,False,False,,,,
2025-04-07 16:34:00,552.01,552.3,551.86,552.26,77.517,True,True,True,True,8,1,4,False,True,False,False,False,,,552.3,
2025-04-07 16:35:00,552.27,552.41,551.81,552.17,145.115,True,True,True,True,8,1,5,False,True,False,False,False,,,,
2025-04-07 16:36:00,552.18,552.19,551.19,551.75,80.712,True,True,True,True,8,1,6,False,True,False,False,False,,,,
2025-04-07 16:37:00,551.75,552.1,551.4,551.82,90.908,True,True,True,True,8,1,7,False,True,False,False,False,,,,
2025-04-07 16:38:00,551.81,552.09,551.37,551.81,223.721,True,True,True,True,8,1,8,False,True,False,False,False,,,,
2025-04-07 16:39:00,551.81,551.98,551.02,551.05,55.224,True,True,True,True,8,1,9,False,True,False,False,False,,,,
2025-04-07 16:40:00,551.04,551.05,550.0,550.75,180.05,True,True,True,True,-2,1,10,False,True,False,False,False,,,,
2025-04-07 16:41:00,550.75,550.76,550.06,550.06,108.072,True,True,True,True,-8,1,11,False,True,False,False,False,,,,
2025-04-07 16:42:00,550.05,550.05,549.24,549.44,92.995,True,True,True,True,-8,1,12,False,True,False,False,False,,,,
2025-04-07 16:43:00,549.43,549.44,548.9,548.9,109.005,True,True,True,True,-8,1,13,False,True,False,False,False,,,,
2025-04-07 16:44:00,548.9,549.36,548.6,549.31,140.439,True,True,True,True,-6,1,14,False,True,False,False,False,,,,
2025-04-07 16:45:00,549.3,549.3,548.22,548.23,174.667,True,True,True,True,-4,-1,0,False,True,False,False,True,,549.3,,
2025-04-07 16:46:00,548.22,548.83,547.8,547.87,99.041,True,True,True,True,-2,-1,1,False,True,False,False,False,,,,
2025-04-07 16:47:00,547.88,548.3,547.72,548.16,74.994,True,True,True,True,-4,-1,2,False,True,False,False,False,,,,
2025-04-07 16:48:00,548.16,548.61,547.41,548.55,134.436,True,True,True,True,-4,-1,3,False,True,False,False,False,,,,
2025-04-07 16:49:00,548.56,548.91,548.41,548.75,81.945,True,True,True,True,-4,-1,4,False,False,True,False,False,,,,548.41
2025-04-07 16:50:00,548.76,549.04,547.96,548.11,102.134,True,True,True,True,-8,-1,5,False,False,True,False,False,,,,
2025-04-07 16:51:00,548.12,548.97,547.96,547.96,124.259,True,True,True,True,-6,-1,6,False,False,True,False,False,,,,
2025-04-07 16:52:00,547.96,548.3,547.46,547.97,132.665,True,True,True,True,-4,-1,7,False,False,True,False,False,,,,
2025-04-07 16:53:00,547.97,548.63,547.71,548.5,455.923,True,True,True,True,-4,-1,8,False,False,True,False,False,,,,
2025-04-07 16:54:00,548.5,548.94,548.38,548.84,155.647,True,True,True,True,-2,-1,9,False,False,True,False,False,,,,
2025-04-07 16:55:00,548.85,549.21,548.47,548.71,222.998,True,True,True,True,8,-1,10,False,False,True,False,False,,,,
2025-04-07 16:56:00,548.71,548.72,547.5,547.67,96.726,True,True,True,True,8,-1,11,False,False,True,False,False,,,,
2025-04-07 16:57:00,547.65,547.94,547.36,547.36,107.003,True,True,True,True,-4,-1,12,False,False,True,False,False,,,,
2025-04-07 16:58:00,547.35,547.36,546.45,546.8,185.337,True,True,True,True,-6,-1,13,False,False,True,False,False,,,,
2025-04-07 16:59:00,546.79,547.13,546.7,546.94,125.976,True,True,True,True,-6,-1,14,False,False,True,False,False,,,,
2025-04-07 17:00:00,546.93,551.66,546.92,550.04,1728.734,True,True,True,True,8,-1,15,False,False,True,False,False,,,,
2025-04-07 17:01:00,550.04,552.14,549.46,551.41,613.47,True,True,True,True,8,1,0,False,False,True,True,False,549.46,,,
2025-04-07 17:02:00,551.37,551.37,550.1,550.49,523.687,True,True,True,True,8,1,1,False,False,True,False,False,,,,
2025-04-07 17:03:00,550.47,552.47,550.41,550.46,1352.205,True,True,True,True,8,1,2,False,False,True,False,False,,,,
2025-04-07 17:04:00,550.47,550.82,550.02,550.21,197.168,True,True,True,True,8,1,3,False,False,True,False,False,,,,
2025-04-07 17:05:00,550.22,550.89,549.98,550.81,158.399,True,True,True,True,8,1,4,False,True,False,False,False,,,550.89,
2025-04-07 17:06:00,550.83,551.11,549.63,550.16,194.189,True,True,True,True,8,1,5,False,True,False,False,False,,,,
2025-04-07 17:07:00,550.15,550.23,549.16,549.72,234.707,True,True,True,True,8,1,6,False,True,False,False,False,,,,
2025-04-07 17:08:00,549.72,550.21,549.17,550.04,101.197,True,True,True,True,8,1,7,False,True,False,False,False,,,,
2025-04-07 17:09:00,550.05,551.0,550.0,550.66,176.769,True,True,True,True,8,1,8,False,True,False,False,False,,,,
2025-04-07 17:10:00,550.65,551.24,549.78,551.24,353.441,True,True,True,True,8,1,9,False,True,False,False,False,,,,
2025-04-07 17:11:00,551.24,551.29,550.52,550.58,162.27,True,True,True,True,8,1,10,False,True,False,False,False,,,,
2025-04-07 17:12:00,550.59,551.82,550.39,551.62,150.273,True,True,True,True,8,1,11,False,True,False,False,False,,,,
2025-04-07 17:13:00,551.63,552.37,551.4,552.24,150.831,True,True,True,True,8,1,12,False,True,False,False,False,,,,
2025-04-07 17:14:00,552.23,552.88,552.1,552.63,134.28,True,True,True,True,8,1,13,False,True,False,False,False,,,,
2025-04-07 17:15:00,552.63,552.67,551.71,552.6,402.839,True,True,True,True,8,1,14,False,True,False,False,False,,,,
2025-04-07 17:16:00,552.61,553.63,552.61,553.24,174.266,True,True,True,True,8,1,15,False,True,False,False,False,,,,
2025-04-07 17:17:00,553.22,553.29,552.41,552.7,94.471,True,True,True,True,8,1,16,False,True,False,False,False,,,,
2025-04-07 17:18:00,552.71,553.32,552.5,552.73,171.204,True,True,True,True,8,1,17,False,True,False,False,False,,,,
2025-04-07 17:19:00,552.74,553.45,552.48,552.52,108.916,True,True,True,True,8,1,18,False,True,False,False,False,,,,
2025-04-07 17:20:00,552.53,553.02,552.32,552.66,103.514,True,True,True,True,8,1,19,False,True,False,False,False,,,,
2025-04-07 17:21:00,552.64,553.14,551.6,551.87,124.926,True,True,True,True,6,1,20,False,True,False,False,False,,,,
2025-04-07 17:22:00,551.87,552.6,551.71,552.45,79.085,True,True,True,True,4,1,21,False,True,False,False,False,,,,
2025-04-07 17:23:00,552.45,552.85,552.21,552.85,103.493,True,True,True,True,6,1,22,False,True,False,False,False,,,,
2025-04-07 17:24:00,552.84,553.39,552.78,553.07,118.327,True,True,True,True,8,1,23,False,True,False,False,False,,,,
2025-04-07 17:25:00,553.07,553.37,552.65,553.03,104.632,True,True,True,True,8,1,24,False,True,False,False,False,,,,
2025-04-07 17:26:00,553.02,553.4,552.87,553.12,73.645,True,True,True,True,8,1,25,False,True,False,False,False,,,,
2025-04-07 17:27:00,553.12,553.58,552.49,552.73,89.087,True,True,True,True,8,1,26,False,True,False,False,False,,,,
2025-04-07 17:28:00,552.7,553.1,552.52,552.9,61.054,True,True,True,True,8,1,27,False,True,False,False,False,,,,
2025-04-07 17:29:00,552.85,554.28,552.7,554.01,139.899,True,True,True,True,8,1,28,False,True,False,False,False,,,,
2025-04-07 17:30:00,554.01,554.4,553.81,554.05,126.681,True,True,True,True,8,1,29,False,True,False,False,False,,,,
2025-04-07 17:31:00,554.05,554.08,552.92,553.2,83.403,True,True,True,True,8,1,30,False,True,False,False,False,,,,
2025-04-07 17:32:00,553.23,553.57,552.9,553.57,62.807,True,True,True,True,8,1,31,False,True,False,False,False,,,,
2025-04-07 17:33:00,553.56,553.56,552.91,553.44,98.815,True,True,True,True,8,1,32,False,True,False,False,False,,,,
2025-04-07 17:34:00,553.41,554.04,553.41,553.88,155.708,True,True,True,True,8,1,33,False,True,False,False,False,,,,
2025-04-07 17:35:00,553.88,554.35,553.48,554.13,266.06,True,True,True,True,8,1,34,False,True,False,False,False,,,,
2025-04-07 17:36:00,554.14,555.25,554.14,554.84,190.426,True,True,True,True,8,1,35,False,True,False,False,False,,,,
2025-04-07 17:37:00,554.84,555.25,554.21,554.36,148.008,True,True,True,True,8,1,36,False,True,False,False,False,,,,
2025-04-07 17:38:00,554.35,554.92,554.26,554.88,61.554,True,True,True,True,8,1,37,False,True,False,False,False,,,,
2025-04-07 17:39:00,554.87,555.55,554.82,555.48,82.834,True,True,True,True,8,1,38,False,True,False,False,False,,,,
2025-04-07 17:40:00,555.48,555.55,554.6,554.88,191.835,True,True,True,True,8,1,39,False,True,False,False,False,,,,
2025-04-07 17:41:00,554.87,555.38,554.61,555.29,68.495,True,True,True,True,8,1,40,False,True,False,False,False,,,,
2025-04-07 17:42:00,555.3,555.83,555.1,555.59,85.764,True,True,True,True,8,1,41,False,True,False,False,False,,,,
2025-04-07 17:43:00,555.6,556.17,555.51,556.16,127.529,True,True,True,True,8,1,42,False,True,False,False,False,,,,
2025-04-07 17:44:00,556.16,556.17,555.81,556.09,77.763,True,True,True,True,8,1,43,False,True,False,False,False,,,,
2025-04-07 17:45:00,556.08,556.77,555.5,555.52,861.626,True,True,True,True,8,1,44,False,True,False,False,False,,,,
2025-04-07 17:46:00,555.54,556.81,554.35,556.67,769.965,True,True,True,True,8,1,45,False,True,False,False,False,,,,
2025-04-07 17:47:00,556.58,557.05,556.0,556.1,292.224,True,True,True,True,6,1,46,False,True,False,False,False,,,,
2025-04-07 17:48:00,556.1,556.45,556.0,556.27,69.628,True,True,True,True,6,1,47,False,True,False,False,False,,,,
2025-04-07 17:49:00,556.26,556.26,555.28,555.99,141.616,True,True,True,True,8,1,48,False,True,False,False,False,,,,
2025-04-07 17:50:00,556.0,556.43,555.67,556.16,95.939,True,True,True,True,8,1,49,False,True,False,False,False,,,,
2025-04-07 17:51:00,556.17,556.29,555.36,555.38,110.893,True,True,True,True,8,1,50,False,True,False,False,False,,,,
2025-04-07 17:52:00,555.42,555.5,554.5,554.67,117.195,True,True,True,True,0,1,51,False,True,False,False,False,,,,
2025-04-07 17:53:00,554.68,555.6,554.67,555.6,132.736,True,True,True,True,0,1,52,False,True,False,False,False,,,,
2025-04-07 17:54:00,555.59,556.08,555.5,555.7,62.121,True,True,True,True,2,1,53,False,True,False,False,False,,,,
2025-04-07 17:55:00,555.67,555.67,555.12,555.45,67.03,True,True,True,True,4,1,54,False,True,False,False,False,,,,
2025-04-07 17:56:00,555.44,555.7,555.21,555.7,52.822,True,True,True,True,8,1,55,False,True,False,False,False,,,,
2025-04-07 17:57:00,555.69,555.8,555.24,555.79,43.021,True,True,True,True,8,1,56,False,True,False,False,False,,,,
2025-04-07 17:58:00,555.79,556.33,555.77,556.21,68.754,True,True,True,True,6,1,57,False,True,False,False,False,,,,
2025-04-07 17:59:00,556.21,556.24,556.09,556.1,59.061,True,True,True,True,8,1,58,False,True,False,False,False,,,,
2025-04-07 18:00:00,556.1,556.49,555.7,555.71,183.598,True,True,True,True,8,1,59,False,True,False,False,False,,,,
2025-04-07 18:01:00,555.71,556.0,555.37,555.37,105.292,True,True,True,True,8,1,60,False,True,False,False,False,,,,
2025-04-07 18:02:00,555.37,555.55,554.73,555.45,155.076,True,True,True,True,-8,1,61,False,True,False,False,False,,,,
2025-04-07 18:03:00,555.44,555.84,554.79,555.84,146.851,True,True,True,True,-6,1,62,False,True,False,False,False,,,,
2025-04-07 18:04:00,555.86,556.13,555.23,555.23,278.813,True,True,True,True,-4,1,63,False,True,False,False,False,,,,
2025-04-07 18:05:00,555.21,555.21,554.38,554.46,142.753,True,True,True,True,-8,-1,0,False,True,False,False,True,,555.21,,
2025-04-07 18:06:00,554.44,554.48,553.8,554.47,140.228,True,True,True,True,-6,-1,1,False,True,False,False,False,,,,
2025-04-07 18:07:00,554.46,555.18,554.35,555.17,73.412,True,True,True,True,-4,-1,2,False,True,False,False,False,,,,
2025-04-07 18:08:00,555.17,555.38,554.67,555.06,85.51,True,True,True,True,-2,-1,3,False,True,False,False,False,,,,
2025-04-07 18:09:00,555.05,555.08,554.5,554.67,43.866,True,True,True,True,-8,-1,4,False,False,True,False,False,,,,554.5
2025-04-07 18:10:00,554.66,555.92,554.62,555.24,135.789,True,True,True,True,-4,-1,5,False,False,True,False,False,,,,
2025-04-07 18:11:00,555.24,555.24,554.09,554.31,77.918,True,True,True,True,-6,-1,6,False,False,True,False,False,,,,
2025-04-07 18:12:00,554.31,554.39,553.65,554.21,65.15,True,True,True,True,-6,-1,7,False,False,True,False,False,,,,
2025-04-07 18:13:00,554.21,554.58,554.16,554.39,34.568,True,True,True,True,-4,-1,8,False,False,True,False,False,,,,
2025-04-07 18:14:00,554.4,554.86,554.32,554.42,69.664,True,True,True,True,-4,-1,9,False,False,True,False,False,,,,
2025-04-07 18:15:00,554.42,555.06,553.9,555.06,222.564,True,True,True,True,8,-1,10,False,False,True,False,False,,,,
2025-04-07 18:16:00,555.08,556.11,555.08,555.54,446.157,True,True,True,True,8,-1,11,False,False,True,False,False,,,,
2025-04-07 18:17:00,555.54,556.09,555.31,555.72,170.667,True,True,True,True,8,-1,12,False,False,True,False,False,,,,
2025-04-07 18:18:00,555.73,557.19,555.72,556.83,172.688,True,True,True,True,8,1,0,False,False,True,True,False,555.72,,,
2025-04-07 18:19:00,556.84,556.93,556.24,556.51,161.055,True,True,True,True,8,1,1,False,False,True,False,False,,,,
2025-04-07 18:20:00,556.57,556.59,555.77,555.77,59.281,True,True,True,True,8,1,2,False,False,True,False,False,,,,
2025-04-07 18:21:00,555.77,556.15,555.52,556.01,40.152,True,True,True,True,6,1,3,False,False,True,False,False,,,,
2025-04-07 18:22:00,556.0,556.81,555.97,556.17,210.594,True,True,True,True,8,1,4,False,True,False,False,False,,,556.81,
2025-04-07 18:23:00,556.18,556.18,555.3,555.3,305.969,True,True,True,True,8,1,5,False,True,False,False,False,,,,
2025-04-07 18:24:00,555.3,555.5,554.9,555.24,108.628,True,True,True,True,8,1,6,False,True,False,False,False,,,,
2025-04-07 18:25:00,555.24,555.28,554.05,554.05,133.735,True,True,True,True,-2,-1,0,False,True,False,False,True,,555.28,,
2025-04-07 18:26:00,554.05,554.14,553.7,553.84,136.331,True,True,True,True,-4,-1,1,False,True,False,False,False,,,,
2025-04-07 18:27:00,553.85,554.05,553.57,553.88,64.453,True,True,True,True,-6,-1,2,False,True,False,False,False,,,,
2025-04-07 18:28:00,553.87,553.87,553.23,553.4,165.67,True,True,True,True,-6,-1,3,False,True,False,False,False,,,,
2025-04-07 18:29:00,553.41,553.56,553.08,553.26,121.904,True,True,True,True,-6,-1,4,False,False,True,False,False,,,,553.08
2025-04-07 18:30:00,553.27,553.5,553.05,553.23,188.857,True,True,True,True,-6,-1,5,False,False,True,False,False,,,,
2025-04-07 18:31:00,553.23,553.66,552.8,553.66,91.523,True,True,True,True,-4,-1,6,False,False,True,False,False,,,,
2025-04-07 18:32:00,553.67,553.89,552.79,552.81,185.848,True,True,True,True,-4,-1,7,False,False,True,False,False,,,,
2025-04-07 18:33:00,552.81,553.32,552.77,553.01,64.958,True,True,True,True,-2,-1,8,False,False,True,False,False,,,,
2025-04-07 18:34:00,553.01,553.61,553.01,553.38,47.913,True,True,True,True,-4,-1,9,False,False,True,False,False,,,,
2025-04-07 18:35:00,553.38,554.2,553.12,554.11,137.533,True,True,True,True,-2,-1,10,False,False,True,False,False,,,,
2025-04-07 18:36:00,554.1,554.6,553.86,554.6,107.748,True,True,True,True,-4,-1,11,False,False,True,False,False,,,,
2025-04-07 18:37:00,554.6,554.82,554.03,554.49,133.442,True,True,True,True,-4,-1,12,False,False,True,False,False,,,,
2025-04-07 18:38:00,554.5,554.94,554.23,554.66,79.47,True,True,True,True,-4,-1,13,False,False,True,False,False,,,,
2025-04-07 18:39:00,554.67,554.78,554.4,554.55,20.413,True,True,True,True,-6,-1,14,False,False,True,False,False,,,,
2025-04-07 18:40:00,554.55,555.2,554.1,555.2,112.544,True,True,True,True,0,-1,15,False,False,True,False,False,,,,
2025-04-07 18:41:00,555.2,556.0,555.14,555.6,145.089,True,True,True,True,6,1,0,False,False,True,True,False,555.14,,,
2025-04-07 18:42:00,555.59,555.59,555.0,555.22,40.883,True,True,True,True,8,1,1,False,False,True,False,False,,,,
2025-04-07 18:43:00,555.23,555.3,554.96,555.21,42.329,True,True,True,True,8,1,2,False,False,True,False,False,,,,
2025-04-07 18:44:00,555.21,555.72,555.02,555.02,36.819,True,True,True,True,6,1,3,False,False,True,False,False,,,,
2025-04-07 18:45:00,555.03,555.03,553.99,554.1,127.482,True,True,True,True,6,1,4,False,True,False,False,False,,,555.03,
2025-04-07 18:46:00,554.11,555.04,554.11,554.93,236.892,True,True,True,True,6,1,5,False,True,False,False,False,,,,
2025-04-07 18:47:00,554.92,555.44,554.74,554.74,90.26,True,True,True,True,6,1,6,False,True,False,False,False,,,,
2025-04-07 18:48:00,554.71,554.71,553.76,554.21,273.393,True,True,True,True,6,1,7,False,True,False,False,False,,,,
2025-04-07 18:49:00,554.21,554.7,554.2,554.21,49.522,True,True,True,True,6,1,8,False,True,False,False,False,,,,
2025-04-07 18:50:00,554.21,554.4,553.65,554.04,79.448,True,True,True,True,8,1,9,False,True,False,False,False,,,,
2025-04-07 18:51:00,554.02,554.02,553.08,553.36,121.776,True,True,True,True,-6,-1,0,False,True,False,False,True,,554.02,,
2025-04-07 18:52:00,553.36,553.78,553.35,553.4,113.287,True,True,True,True,-6,-1,1,False,True,False,False,False,,,,
2025-04-07 18:53:00,553.39,553.5,553.04,553.39,119.145,True,True,True,True,-6,-1,2,False,True,False,False,False,,,,
2025-04-07 18:54:00,553.39,553.4,552.73,552.9,103.966,True,True,True,True,-6,-1,3,False,True,False,False,False,,,,
2025-04-07 18:55:00,552.9,552.95,552.41,552.53,85.455,True,True,True,True,-8,-1,4,False,False,True,False,False,,,,552.41
2025-04-07 18:56:00,552.54,552.6,552.18,552.18,186.371,True,True,True,True,-6,-1,5,False,False,True,False,False,,,,
2025-04-07 18:57:00,552.19,553.15,552.19,553.1,267.75,True,True,True,True,-4,-1,6,False,False,True,False,False,,,,
2025-04-07 18:58:00,553.1,553.11,552.71,552.95,182.974,True,True,True,True,-2,-1,7,False,False,True,False,False,,,,
2025-04-07 18:59:00,552.94,553.1,552.65,552.65,95.661,True,True,True,True,-8,-1,8,False,False,True,False,False,,,,
2025-04-07 19:00:00,552.66,555.52,552.33,554.2,843.48,True,True,True,True,0,-1,9,False,False,True,False,False,,,,
2025-04-07 19:01:00,554.21,554.52,553.79,554.22,93.083,True,True,True,True,8,-1,10,False,False,True,False,False,,,,
2025-04-07 19:02:00,554.1,554.11,553.45,553.47,43.657,True,True,True,True,8,-1,11,False,False,True,False,False,,,,
2025-04-07 19:03:00,553.44,553.44,552.71,552.71,84.953,True,True,True,True,8,-1,12,False,False,True,False,False,,,,
2025-04-07 19:04:00,552.71,553.09,552.49,552.73,83.688,True,True,True,True,4,-1,13,False,False,True,False,False,,,,
2025-04-07 19:05:00,552.73,553.1,552.37,552.46,58.38,True,True,True,True,8,-1,14,False,False,True,False,False,,,,
2025-04-07 19:06:00,552.45,552.5,551.72,552.03,132.371,True,True,True,True,-6,-1,15,False,False,True,False,False,,,,
2025-04-07 19:07:00,552.03,552.46,551.84,552.2,31.941,True,True,True,True,-6,-1,16,False,False,True,False,False,,,,
2025-04-07 19:08:00,552.2,552.25,551.76,551.77,131.86,True,True,True,True,-6,-1,17,False,False,True,False,False,,,,
2025-04-07 19:09:00,551.77,552.01,551.44,551.6,42.598,True,True,True,True,-4,-1,18,False,False,True,False,False,,,,
2025-04-07 19:10:00,551.59,551.95,551.04,551.91,89.798,True,True,True,True,-4,-1,19,False,False,True,False,False,,,,
2025-04-07 19:11:00,551.91,552.05,551.73,551.74,74.183,True,True,True,True,-6,-1,20,False,False,True,False,False,,,,
2025-04-07 19:12:00,551.74,552.13,551.67,552.08,34.198,True,True,True,True,-6,-1,21,False,False,True,False,False,,,,
2025-04-07 19:13:00,552.08,552.26,551.98,552.19,111.354,True,True,True,True,6,-1,22,False,False,True,False,False,,,,
2025-04-07 19:14:00,552.19,552.2,551.82,552.09,48.096,True,True,True,True,-8,-1,23,False,False,True,False,False,,,,
2025-04-07 19:15:00,552.08,552.24,551.52,551.88,100.098,True,True,True,True,-8,-1,24,False,False,True,False,False,,,,
2025-04-07 19:16:00,551.87,552.66,551.33,552.66,121.168,True,True,True,True,-6,-1,25,False,False,True,False,False,,,,
2025-04-07 19:17:00,552.67,553.15,552.67,552.96,125.792,True,True,True,True,-4,-1,26,False,False,True,False,False,,,,
2025-04-07 19:18:00,552.97,554.21,552.95,553.91,340.162,True,True,True,True,8,1,0,False,False,True,True,False,552.95,,,
2025-04-07 19:19:00,553.91,553.91,553.53,553.7,84.661,True,True,True,True,8,1,1,False,False,True,False,False,,,,
2025-04-07 19:20:00,553.7,554.19,553.59,553.68,65.55,True,True,True,True,8,1,2,False,False,True,False,False,,,,
2025-04-07 19:21:00,553.65,553.65,553.05,553.3,233.316,True,True,True,True,8,1,3,False,False,True,False,False,,,,
2025-04-07 19:22:00,553.29,553.8,553.29,553.33,48.176,True,True,True,True,8,1,4,False,True,False,False,False,,,553.8,
2025-04-07 19:23:00,553.32,553.59,553.16,553.44,36.959,True,True,True,True,8,1,5,False,True,False,False,False,,,,
2025-04-07 19:24:00,553.43,553.51,552.76,553.01,332.708,True,True,True,True,8,1,6,False,True,False,False,False,,,,
2025-04-07 19:25:00,553.02,553.4,552.47,552.59,79.027,True,True,True,True,8,1,7,False,True,False,False,False,,,,
2025-04-07 19:26:00,552.6,552.82,551.93,551.93,85.121,True,True,True,True,-8,-1,0,False,True,False,False,True,,552.82,,
2025-04-07 19:27:00,551.94,551.94,551.4,551.86,90.724,True,True,True,True,-8,-1,1,False,True,False,False,False,,,,
2025-04-07 19:28:00,551.86,552.33,551.71,552.17,115.27,True,True,True,True,-6,-1,2,False,True,False,False,False,,,,
2025-04-07 19:29:00,552.17,552.45,551.77,551.77,45.55,True,True,True,True,-4,-1,3,False,True,False,False,False,,,,
2025-04-07 19:30:00,551.78,552.67,551.7,552.59,106.32,True,True,True,True,-6,-1,4,False,False,True,False,False,,,,551.7
2025-04-07 19:31:00,552.59,553.33,552.59,553.1,88.828,True,True,True,True,-2,-1,5,False,False,True,False,False,,,,
2025-04-07 19:32:00,553.11,554.33,553.11,553.91,105.789,True,True,True,True,8,1,0,False,False,True,True,False,553.11,,,
2025-04-07 19:33:00,553.92,554.49,553.92,554.4,65.975,True,True,True,True,8,1,1,False,False,True,False,False,,,,
2025-04-07 19:34:00,554.39,554.49,554.1,554.11,38.379,True,True,True,True,8,1,2,False,False,True,False,False,,,,
2025-04-07 19:35:00,554.11,554.5,553.88,554.24,156.947,True,True,True,True,8,1,3,False,False,True,False,False,,,,
2025-04-07 19:36:00,554.24,554.49,554.0,554.49,116.371,True,True,True,True,8,1,4,False,True,False,False,False,,,554.49,
2025-04-07 19:37:00,554.49,555.0,554.47,554.95,158.21,True,True,True,True,8,1,5,False,True,False,False,False,,,,
2025-04-07 19:38:00,554.95,555.11,554.5,554.76,147.609,True,True,True,True,8,1,6,False,True,False,False,False,,,,
2025-04-07 19:39:00,554.77,554.77,554.61,554.61,371.852,True,True,True,True,8,1,7,False,True,False,False,False,,,,
2025-04-07 19:40:00,554.61,554.83,554.25,554.51,769.922,True,True,True,True,8,1,8,False,True,False,False,False,,,,
2025-04-07 19:41:00,554.51,554.51,553.7,553.84,740.796,True,True,True,True,-8,1,9,False,True,False,False,False,,,,
2025-04-07 19:42:00,553.83,554.59,553.83,554.51,619.871,True,True,True,True,-6,1,10,False,True,False,False,False,,,,
2025-04-07 19:43:00,554.52,554.78,554.4,554.66,671.285,True,True,True,True,-4,1,11,False,True,False,False,False,,,,
2025-04-07 19:44:00,554.66,554.89,554.48,554.84,900.639,True,True,True,True,8,1,12,False,True,False,False,False,,,,
2025-04-07 19:45:00,554.84,555.55,554.7,555.49,560.431,True,True,True,True,8,1,13,False,True,False,False,False,,,,
2025-04-07 19:46:00,555.49,555.76,555.39,555.75,380.754,True,True,True,True,8,1,14,False,True,False,False,False,,,,
2025-04-07 19:47:00,555.76,556.21,555.76,556.19,388.513,True,True,True,True,8,1,15,False,True,False,False,False,,,,
2025-04-07 19:48:00,556.19,556.6,556.0,556.53,219.199,True,True,True,True,8,1,16,False,True,False,False,False,,,,
2025-04-07 19:49:00,556.53,556.53,555.68,555.78,168.188,True,True,True,True,8,1,17,False,True,False,False,False,,,,
2025-04-07 19:50:00,555.77,555.77,554.9,554.93,370.34,True,True,True,True,8,1,18,False,True,False,False,False,,,,
2025-04-07 19:51:00,554.92,555.38,554.72,555.27,246.567,True,True,True,True,8,1,19,False,True,False,False,False,,,,
2025-04-07 19:52:00,555.27,555.5,555.01,555.31,79.163,True,True,True,True,6,1,20,False,True,False,False,False,,,,
2025-04-07 19:53:00,555.31,555.49,554.38,554.38,42.449,True,True,True,True,4,1,21,False,True,False,False,False,,,,
2025-04-07 19:54:00,554.39,555.1,554.26,555.09,114.896,True,True,True,True,8,1,22,False,True,False,False,False,,,,
2025-04-07 19:55:00,555.1,555.47,555.1,555.12,134.926,True,True,True,True,8,1,23,False,True,False,False,False,,,,
2025-04-07 19:56:00,555.12,555.29,554.91,554.91,128.367,True,True,True,True,8,1,24,False,True,False,False,False,,,,
2025-04-07 19:57:00,554.9,554.91,554.28,554.29,32.967,True,True,True,True,8,1,25,False,True,False,False,False,,,,
2025-04-07 19:58:00,554.29,554.47,554.14,554.14,51.507,True,True,True,True,8,1,26,False,True,False,False,False,,,,
2025-04-07 19:59:00,554.13,554.13,553.37,553.79,151.215,True,True,True,True,-8,-1,0,False,True,False,False,True,,554.13,,
2025-04-07 20:00:00,553.8,554.29,553.8,554.1,163.55,True,True,True,True,-6,-1,1,False,True,False,False,False,,,,
2025-04-07 20:01:00,554.11,554.4,553.91,553.91,162.285,True,True,True,True,-6,-1,2,False,True,False,False,False,,,,
2025-04-07 20:02:00,553.91,554.53,553.77,554.4,46.016,True,True,True,True,-6,-1,3,False,True,False,False,False,,,,
2025-04-07 20:03:00,554.4,554.94,554.4,554.58,112.546,True,True,True,True,-4,-1,4,False,False,True,False,False,,,,554.4
2025-04-07 20:04:00,554.58,554.83,554.47,554.72,41.368,True,True,True,True,8,-1,5,False,False,True,False,False,,,,
2025-04-07 20:05:00,554.73,555.25,554.64,554.7,141.146,True,True,True,True,6,-1,6,False,False,True,False,False,,,,
2025-04-07 20:06:00,554.7,555.3,554.7,555.3,59.976,True,True,True,True,8,-1,7,False,False,True,False,False,,,,
2025-04-07 20:07:00,555.29,555.29,555.11,555.25,44.904,True,True,True,True,8,-1,8,False,False,True,False,False,,,,
2025-04-07 20:08:00,555.26,555.3,554.94,555.18,85.762,True,True,True,True,8,-1,9,False,False,True,False,False,,,,
2025-04-07 20:09:00,555.18,555.46,555.07,555.18,46.405,True,True,True,True,8,-1,10,False,False,True,False,False,,,,
2025-04-07 20:10:00,555.18,555.29,555.0,555.29,35.103,True,True,True,True,8,-1,11,False,False,True,False,False,,,,
2025-04-07 20:11:00,555.29,555.4,555.21,555.36,54.61,True,True,True,True,8,-1,12,False,False,True,False,False,,,,
2025-04-07 20:12:00,555.36,555.36,555.0,555.0,55.414,True,True,True,True,8,-1,13,False,False,True,False,False,,,,
2025-04-07 20:13:00,555.01,555.13,555.0,555.12,11.624,True,True,True,True,8,-1,14,False,False,True,False,False,,,,
2025-04-07 20:14:00,555.12,555.13,554.55,554.64,46.151,True,True,True,True,8,-1,15,False,False,True,False,False,,,,
2025-04-07 20:15:00,554.64,555.5,554.64,555.34,36.732,True,True,True,True,8,-1,16,False,False,True,False,False,,,,
2025-04-07 20:16:00,555.33,556.0,555.31,555.71,50.338,True,True,True,True,8,1,0,False,False,True,True,False,555.31,,,
2025-04-07 20:17:00,555.72,556.1,555.72,556.03,64.272,True,True,True,True,8,1,1,False,False,True,False,False,,,,
2025-04-07 20:18:00,556.03,556.69,556.02,556.21,119.251,True,True,True,True,8,1,2,False,False,True,False,False,,,,
2025-04-07 20:19:00,556.21,556.56,556.21,556.42,93.622,True,True,True,True,8,1,3,False,False,True,False,False,,,,
2025-04-07 20:20:00,556.46,556.7,556.41,556.69,19.251,True,True,True,True,8,1,4,False,True,False,False,False,,,556.7,
2025-04-07 20:21:00,556.69,556.95,556.58,556.74,30.699,True,True,True,True,8,1,5,False,True,False,False,False,,,,
2025-04-07 20:22:00,556.73,557.07,556.61,557.04,52.371,True,True,True,True,8,1,6,False,True,False,False,False,,,,
2025-04-07 20:23:00,557.04,557.3,556.43,556.53,100.23,True,True,True,True,8,1,7,False,True,False,False,False,,,,
2025-04-07 20:24:00,556.52,556.8,556.48,556.72,23.352,True,True,True,True,8,1,8,False,True,False,False,False,,,,
2025-04-07 20:25:00,556.72,557.02,556.55,556.55,65.658,True,True,True,True,8,1,9,False,True,False,False,False,,,,
2025-04-07 20:26:00,556.55,556.6,556.3,556.49,40.161,True,True,True,True,6,1,10,False,True,False,False,False,,,,
2025-04-07 20:27:00,556.49,557.2,556.49,557.18,34.974,True,True,True,True,6,1,11,False,True,False,False,False,,,,
2025-04-07 20:28:00,557.19,557.33,557.1,557.3,57.588,True,True,True,True,6,1,12,False,True,False,False,False,,,,
2025-04-07 20:29:00,557.3,557.41,557.27,557.4,85.641,True,True,True,True,8,1,13,False,True,False,False,False,,,,
2025-04-07 20:30:00,557.41,557.85,557.4,557.85,50.253,True,True,True,True,8,1,14,False,True,False,False,False,,,,
2025-04-07 20:31:00,557.84,558.58,557.8,558.5,102.314,True,True,True,True,8,1,15,False,True,False,False,False,,,,
2025-04-07 20:32:00,558.5,558.5,558.01,558.2,110.997,True,True,True,True,8,1,16,False,True,False,False,False,,,,
2025-04-07 20:33:00,558.19,558.9,558.19,558.9,46.18,True,True,True,True,8,1,17,False,True,False,False,False,,,,
2025-04-07 20:34:00,558.9,559.2,558.85,558.86,74.778,True,True,True,True,8,1,18,False,True,False,False,False,,,,
2025-04-07 20:35:00,558.86,559.1,558.84,558.95,86.924,True,True,True,True,8,1,19,False,True,False,False,False,,,,
2025-04-07 20:36:00,558.95,559.25,558.94,559.1,28.569,True,True,True,True,8,1,20,False,True,False,False,False,,,,
2025-04-07 20:37:00,559.11,559.18,559.0,559.03,24.32,True,True,True,True,8,1,21,False,True,False,False,False,,,,
2025-04-07 20:38:00,559.03,559.1,558.68,558.68,56.896,True,True,True,True,8,1,22,False,True,False,False,False,,,,
2025-04-07 20:39:00,558.68,558.8,558.6,558.77,40.214,True,True,True,True,8,1,23,False,True,False,False,False,,,,
2025-04-07 20:40:00,558.77,559.12,558.76,559.05,67.088,True,True,True,True,8,1,24,False,True,False,False,False,,,,
2025-04-07 20:41:00,559.05,559.29,559.0,559.19,29.723,True,True,True,True,8,1,25,False,True,False,False,False,,,,
2025-04-07 20:42:00,559.19,559.6,559.18,559.45,77.491,True,True,True,True,8,1,26,False,True,False,False,False,,,,
2025-04-07 20:43:00,559.45,559.87,559.45,559.78,67.007,True,True,True,True,8,1,27,False,True,False,False,False,,,,
2025-04-07 20:44:00,559.78,559.84,559.6,559.83,23.275,True,True,True,True,8,1,28,False,True,False,False,False,,,,
2025-04-07 20:45:00,559.86,559.88,559.46,559.48,40.35,True,True,True,True,8,1,29,False,True,False,False,False,,,,
2025-04-07 20:46:00,559.48,559.6,559.38,559.59,35.906,True,True,True,True,8,1,30,False,True,False,False,False,,,,
2025-04-07 20:47:00,559.6,559.75,559.21,559.21,56.021,True,True,True,True,8,1,31,False,True,False,False,False,,,,
2025-04-07 20:48:00,559.2,559.4,558.9,558.9,67.28,True,True,True,True,0,1,32,False,True,False,False,False,,,,
2025-04-07 20:49:00,558.9,559.14,558.77,558.81,34.384,True,True,True,True,-6,1,33,False,True,False,False,False,,,,
2025-04-07 20:50:00,558.81,559.02,558.8,558.83,54.447,True,True,True,True,-4,1,34,False,True,False,False,False,,,,
2025-04-07 20:51:00,558.82,559.16,558.8,558.95,29.177,True,True,True,True,-2,1,35,False,True,False,False,False,,,,
2025-04-07 20:52:00,558.95,558.95,558.74,558.77,56.522,True,True,True,True,-4,1,36,False,True,False,False,False,,,,
2025-04-07 20:53:00,558.76,558.76,558.6,558.67,220.523,True,True,True,True,-4,1,37,False,True,False,False,False,,,,
2025-04-07 20:54:00,558.67,558.98,558.34,558.97,67.753,True,True,True,True,-2,1,38,False,True,False,False,False,,,,
2025-04-07 20:55:00,558.98,558.98,558.44,558.46,74.826,True,True,True,True,-4,1,39,False,True,False,False,False,,,,
2025-04-07 20:56:00,558.47,558.48,558.32,558.34,39.795,True,True,True,True,-6,1,40,False,True,False,False,False,,,,
2025-04-07 20:57:00,558.34,558.34,557.76,557.77,46.52,True,True,True,True,-6,-1,0,False,True,False,False,True,,558.34,,
2025-04-07 20:58:00,557.77,558.01,557.72,558.01,55.445,True,True,True,True,-4,-1,1,False,True,False,False,False,,,,
2025-04-07 20:59:00,558.0,558.4,558.0,558.4,17.794,True,True,True,True,-4,-1,2,False,True,False,False,False,,,,
2025-04-07 21:00:00,558.4,558.49,558.4,558.49,1.413,True,True,True,True,-8,-1,3,False,True,False,False,False,,,,
